license_id,product_name,brand,approved_effect,key_ingredients
衛署健食字第A00022號,波爾Green Time益牙口香糖-薄荷風味,金車股份有限公司,牙齒保健功能,木糖醇
衛署健食字第A00023號,如新華茂超級靈芝,美商如新華茂股份有限公司台灣分公司,"免疫調節功能, 護肝功能",靈芝三帖類、 靈芝多醣體
衛署健食字第A00024號,光泉晶球優酪乳 - 原味低脂,光泉牧場股份有限公司,胃腸功能改善,比菲德氏龍根菌(Bifidobacterium longum)
衛署健食字第A00025號(本證失效),桂格成長奶粉健康三益菌配方,佳格食品股份有限公司,胃腸功能改善,總乳酸菌（含Lactobacillus acidophilus 與Lactobacillus casei）、比菲德氏菌（Bifidobacterium lactis）
衛署健食字第A00026號,桂格三寶燕麥,佳格食品股份有限公司,調節血脂,β-聚葡萄糖 (β-glucan)
衛署健食字第A00027號,金車補給園乳酸活菌複方膠囊,金車股份有限公司,胃腸功能改善,活性乳酸菌(含 L. paracasei+B. lactis+L. acidophilus)、比菲德氏菌(B. lactis)
衛署健食字第A00028號,葡萄王LGG特益菌,葡萄王生技股份有限公司,胃腸功能改善,Lactobacillus casei sp. rhamnosus GG
衛署健食字第A00029號,金車補給園幾丁聚醣複方膠囊,金車股份有限公司,調節血脂功能,幾丁聚醣、類黃酮
衛署健食字第A00030號,高鈣脫脂奶粉,佳格食品股份有限公司,"調節血脂, 胃腸功能改善",總乳酸菌（含Lactobacillus acidophilus 與Lactobacillus casei）、比菲德氏菌（Bifidobacterium lactis）及鈣為品管指標成分
衛署健食字第A00031號(本證失效),益百康,多得麗富股份有限公司,調節血脂,EPA、 DHA
衛署健食字第A00032號,養樂多活菌發酵乳,養樂多股份有限公司,胃腸功能改善,代田乳酸菌 (Lactobacillus casei Shirota)
衛署健食字第A00033號,健康調和油 (暫停生產),台灣第一生化科技股份有限公司,調節血脂功能,油酸、 亞麻油酸、 次亞麻油酸
衛署健食字第A00034號,洛神花保健膠囊,愛健生命科學股份有限公司(95/8/11核准將許可證由寰生公司轉移給愛健),"調節血脂, 護肝",類黃酮素、多酚酸、花青素
衛署健食字第A00035號(本證失效),如新華茂超級靈芝,美商如新華茂股份有限公司台灣分公司,免疫調節,靈芝三帖類、 靈芝多醣體
衛署健食字第A00036號(本證失效),維力康膠囊,震達科技股份有限公司,,甘草素
衛署健食字第A00037號(本證失效),林鳳營健康點優酪乳 原味,味全食品工業股份有限公司,胃腸功能改善,總乳酸菌（包含Streptococcus thermophilus、Lactobacillus delbrueckii subsp. bulgaricus、Lactobacillus acidophilus、Bifidobacterium longum）
衛署健食字第A00038號(本證失效),可果美100％蕃茄汁（無添加食鹽）,臺灣可果美股份有限公司,調節血脂,蕃茄汁（品質管制指標：苯萃取物指標值）
衛署健食字第A00039號,高鈣低脂三益菌全家奶粉,佳格食品股份有限公司,胃腸功能改善,乳酸桿菌（含Lactobacillus acidophilus 與Lactobacillus paracasei）、 比菲德氏菌（Bifidobacterium lactis）
衛署健食字第A00040號,微庫醇紅麴膠囊,生達化學製藥股份有限公司,調節血脂,HMG-COA還原酵素抑制劑-Monacolin K
衛署健食字第A00041號(本證失效),奧利多纖維飲料,金車股份有限公司,胃腸功能改善,難消化性麥芽糊精
衛署健食字第A00042號,TCELL-1乳酸菌粉,鼎健生物科技食品股份有限公司,胃腸功能改善,Lactobacillus rhamnosus Tcell-1
衛署健食字第A00043號,葡萄王靈芝王,葡萄王生技股份有限公司,免疫調節,靈芝粗多醣體
衛署健食字第A00044號,甘蔗原素錠POLICOSANOL,悅寶生物科技股份有限公司,調節血脂,甘蔗原素(Sugar Cane Policosanol)
衛署健食字第A00045號,順康500香菇菌絲體萃取物,宗信燦股份有限公司,護肝,香菇菌絲體萃取物 （品質管制指標成分：木質素）
衛署健食字第A00046號(本證失效),洛神花保健膠囊,愛健生命科學股份有限公司(95/8/11核准將許可證由寰生公司轉移給愛健),調節血脂,類黃酮素、總多酚、花青素
衛署健食字第A00047號(本證失效),益品年食用油,花王(台灣)股份有限公司,"調節血脂, 不易形成體脂肪",二酸甘油酯
衛署健食字第A00048號,立康生醫益菌多顆粒,生展生物科技股份有限公司,胃腸功能改善,龍根雙歧桿菌(Bifidobacterium longum)、有胞子性乳酸菌(Lactobacillus sporogenes)
衛署健食字第A00049號,悅寶甘蔗原素錠10mg,悅寶生物科技股份有限公司,調節血脂,甘蔗原素(Sugar Cane Policosanol)
衛署健食字第A00050號(本證失效),得意的一天健康三益葵花油,佳格食品股份有限公司,調節血脂,單元不飽和脂肪酸。
衛署健食字第A00051號(本證失效),加特福GT&F奶粉,加特福生物科技股份有限公司,調節血糖,三價鉻
衛署健食字第A00052號,統一陽光低糖高纖豆漿,統一企業股份有限公司,調節血脂,每100 毫升含 (1)黃豆蛋白質：3.0~3.8 公克、(2)菊苣纖維：1.7~2.3 公克
衛署健食字第A00053號,威望常寶寧(飲品),維達股份有限公司,胃腸功能改善,嗜乳酸桿菌及保加利亞乳酸桿菌(lactobacillius acidophilus & lactobacillus bulgaricus)、雙岐雙叉桿菌及龍根菌(bifidobacterium bifidum & bifidobacterium longum)、嗜熱性鏈球菌(streptococcus thermophilus)
衛署健食字第A00054號(本證失效),黑松LGG優酪乳（原味）,黑松股份有限公司,胃腸功能改善,LGG菌（Lactobacillus rhamnosus GG）、B菌（Bifidobacterium bifidum）
衛署健食字第A00062號,養生液,中天生物科技股份有限公司,"調節血脂, 免疫調節, 胃腸功能改善",大豆發酵液（以Daidzein及乳酸為品管指標成分）
衛署健食字第A00063號,白蘭氏鷄精,馬來西亞商三得利食品飲料股份有限公司台灣分公司,"免疫調節, 抗疲勞",1.每68 毫升，以總支鏈胺基酸「白胺酸、異白胺酸、纈胺酸」為指標成分：0.38~0.58 公克。2.每41 毫升，以總支鏈胺基酸「白胺酸、異白胺酸、纈胺酸」為指標成分：0.23~0.35 公克。
衛署健食字第A00064號(本證失效),田中寶養生液,中天生物科技股份有限公司,"調節血脂, 免疫調節, 胃腸功能改善",大豆發酵液（以Daidzein及果寡糖nystose為品管指標成分）
衛署健食字第A00065號,統一活力寶典特級蜂膠,統一企業股份有限公司,免疫調節,"總類黃酮(以chrysin , pinocembrin為品質指標成分)chrysin：4.8-7.2mg/份pinocembrin：2.4-4.5mg/份"
衛署健食字第A00071號,紅麴養生穀粉,佳格食品股份有限公司,調節血脂,每一份量30 g：含HMG-CoA 還原酵素抑制劑（Monacolin K）4.8毫克。
衛署健食字第A00072號(本證失效),賜多利奶粉,連法國際實業股份有限公司,調節血脂,總免疫球蛋白G、 特定免疫球蛋白G
衛署健食字第A00073號,統一四物雞精,統一企業股份有限公司,抗疲勞,甲肌肽(ANSERINE)：218~300 毫克/瓶 (60 毫升)肌 肽(CARNOSINE)：48~ 68 毫克/瓶 (60 毫升)
衛署健食字第A00074號(本證失效),御茶園每朝健康綠茶,維他露食品股份有限公司,胃腸功能改善,1.兒茶素(catechins) 2. 菊苣纖維(inulin)
衛署健食字第A00075號(本證失效),賜多利奶粉,連法國際實業股份有限公司,免疫調節,總免疫球蛋白G、 特定免疫球蛋白G
衛署健食字第A00083號,白蘭氏五味子芝麻錠,馬來西亞商三得利食品飲料股份有限公司台灣分公司,護肝,芝麻素 (Sesamin)、五味子素B (Schisandrin B)
衛署健食字第A00084號(本證失效),養生茶,台灣可爾必思股份有限公司,調節血脂,難消化性麥芽糊精
衛署健食字第A00085號(本證失效),統一植醇牛奶,統一企業股份有限公司,調節血脂,植物固醇
衛署健食字第A00086號,愛之味蕃茄汁(強化膳食纖維),愛之味股份有限公司,調節血脂,難消化性麥芽糊精 (Resistant Maltodextrin)
衛署健食字第A00087號(本證失效),震達北蟲草(蛹蟲草)膠囊,優生製藥廠股份有限公司,,品質管制指標成分 Adenosine Cordycepin
衛署健食字第A00088號(本證失效),葡萄王益菌王,葡萄王生技股份有限公司,胃腸功能改善,總乳酸菌、比菲德氏菌（B. longum）
衛署健食字第A00089號,愛之味春心茶,愛之味股份有限公司,調節血脂功能,兒茶素(Catechins)
衛署健食字第A00090號,統一陽光山藥薏仁高纖豆奶,統一企業股份有限公司,調節血脂功能,黃豆蛋白質;菊糖
衛署健食字第A00091號,活靈芝菌絲體滋補液,佳格食品股份有限公司,免疫調節功能,靈芝粗多醣
衛署健食字第A00092號,元氣豆®納豆萃取膠囊,懷特生技新藥股份有限公司,調節血脂功能,以HMG-COA還原酵素抑制劑-Monacolin K作為品管指標成份， 每粒軟膠囊含量大於0.15mg。
衛署健食字第A00093號,健康好理由植醇葵花油,泰山企業股份有限公司,調節血脂功能,植物固醇
衛署健食字第A00094號(本證失效),木糖醇+2無糖口香糖-蘋果薄荷,台灣樂天製菓股份有限公司,牙齒保健,木糖醇
衛署健食字第A00095號(本證失效),木糖醇+2無糖口香糖-清涼薄荷,台灣樂天製菓股份有限公司,牙齒保健,木糖醇
衛署健食字第A00096號(本證失效),可爾必思發酵乳 (安益乳),台灣可爾必思股份有限公司,輔助調節血壓,"「乳三胜」(VPP,IPP)"
衛署健食字第A00097號(本證失效),舒甘調達食品膠囊,宇力鑫生技股份有限公司,,薑黃素、甘草素
衛署健食字第A00098號,台糖果寡醣,台灣糖業股份有限公司,胃腸功能改善,果寡醣（1-kestose＋Nystose計）
衛署健食字第A00099號,成長奶粉健康三益菌配方,佳格食品股份有限公司,胃腸功能改善,1.總乳酸菌（含A菌與C菌） A菌：Lactobacillus acidophilus C菌：Lactobacillus casei 2.比菲德氏菌（B菌） B菌：Bifidobacterium lactis
衛署健食字第A00100號,益力蔘膠囊,信東生技股份有限公司園區分公司,抗疲勞功能,每顆膠囊含總人蔘配醣體 Total Ginsenosides (以Re、Rb1、Rc、Rd總和計算)
衛署健食字第A00101號,綠寶綠藻片,台灣綠藻工業股份有限公司,"調節血糖, 免疫調節",免疫調節：葉綠素為品管指標調節血糖：α-次亞麻油酸
衛署健食字第A00102號,杏輝敏益苓膠囊,杏輝藥品工業股份有限公司,"輔助調整過敏體質, 免疫調節",羊毛蘭烷三萜類 Lanostanes
衛署健食字第A00103號(本證失效),大地素材金穗豆漿低糖高纖,味全食品工業股份有限公司,調節血脂,"大豆蛋白,菊糖inulin"
衛署健食字第A00104號(本證失效),味全健康食用油,味全食品工業股份有限公司,調節血脂,"油酸,亞麻油酸,次亞麻油酸"
衛部健食字第A00235號,桂格100%喝的燕麥(顆粒微甜口味),佳格食品股份有限公司,調節血脂,β-聚葡萄醣 (β-glucan)
衛部健食字第A00237號,桂格美味大燕麥片 莓果優格風味,佳格食品股份有限公司,"調節血脂, 免疫調節",β-聚葡萄糖(β-Glucan)：1.2~1.8公克/ 58.5公克(每份)
衛部健食字第A00238號,極品綠寶藻精王®滋補飲,台灣綠藻工業股份有限公司,延緩衰老功能,總多酚(以gallic acid計)
衛部健食字第A00239號,KG美窈飲-高纖無糖玄米綠茶口味,聯華食品工業股份有限公司,調節血脂功能,菊糖（菊苣纖維）
衛部健食字第A00241號(本證失效),LS-66®孢子乳酸菌粉末 (自衛授食字第1071302587號公告實施日〔108年7月1日〕起不得製造),遠東生物科技股份有限公司,胃腸功能改善,活性乳酸菌; Bacillus coagulans
衛部健食字第A00242號(本證失效),百內爾BN999膠囊食品,崇賢國際興業股份有限公司,免疫調節,"「異黃酮（包含Daidzin, Genistin, Daidzein, Genistein）：11.7 ± 2.3 mg/份(5顆)。」 （異黃酮（包含Daidzin, Genistin, Daidzein, Genistein）：2.34 ± 0.46 mg/顆）"
衛部健食字第A00243號,愛之味麥仔茶,愛之味股份有限公司,胃腸功能改善,含異麥芽寡醣(以Isomaltose、Panose、Isomaltotriose計)
衛部健食字第A00244號(本證失效),極品牛樟芝菌絲體膠囊,合一生技股份有限公司,,以4-安卓奎諾爾B (4-acetylantroquinonol B)為品質管制指標；每一份(1顆)含0.215~0.315 mg 4-acetylantroquinonol B
衛部健食字第A00245號,悠康-納麴Q10膠囊,永甲興業股份有限公司,調節血脂,Monacolin K
衛部健食規字第000039號,芷靖錠,柏諦生物科技股份有限公司,"調節血脂, 紅麴（規格標準）-調節血脂",Monacolin K
衛部健食規字第000040號(本證失效),薇達純淨魚油軟膠囊,崴達國際股份有限公司,"調節血脂, 魚油（規格標準）-調節血脂",Omega-3 acids (EPA+DHA)
衛部健食規字第000041號,好清醇紅麴素食膠囊,蒙帝那生物科技股份有限公司,"調節血脂, 紅麴（規格標準）-調節血脂",Monacolin K
衛部健食規字第000042號,愛之味紅麴保健膠囊,愛之味股份有限公司,"調節血脂, 紅麴（規格標準）-調節血脂",Monacolin K
衛部健食規字第000043號,首席麴萃紅麴膠囊,世博生技有限公司,"調節血脂, 紅麴（規格標準）-調節血脂",Monacolin K
衛部健食規字第000044號,歐米茄3深海魚油軟膠囊,大江基因醫學股份有限公司,"調節血脂, 魚油（規格標準）-調節血脂",Omega-3 acids
衛部健食規字第000045號,養生淨魚油軟膠囊,大江生醫股份有限公司,"調節血脂, 魚油（規格標準）-調節血脂",Omega-3 acids
衛部健食規字第000046號,清輕青魚油軟膠囊,台灣第一新藥股份有限公司,"調節血脂, 魚油（規格標準）-調節血脂",Omega-3 acids
衛部健食規字第000047號,雙魚海中寶魚油軟膠囊,德山製藥股份有限公司,"調節血脂, 魚油（規格標準）-調節血脂",Omega-3 acids (EPA+DHA)
衛部健食規字第000048號,漁人健康魚油軟膠囊,漁人製藥股份有限公司,"調節血脂, 魚油（規格標準）-調節血脂",Omega-3 acids (EPA+DHA) 二十碳五烯酸 (EPA) 二十碳六烯酸 (DHA)
衛部健食規字第000049號,麴康膠囊,禾懋生物醫學股份有限公司,"調節血脂, 紅麴（規格標準）-調節血脂",Monacolin K
衛部健食規字第000050號,愛之味深海魚油膠囊,愛之味股份有限公司,"調節血脂, 魚油（規格標準）-調節血脂",純度(EPA+DHA)含量二十碳五烯酸 (EPA)二十二碳六烯酸 (DHA)
衛部健食規字第000051號,精粹紅麴隨手包,振翔生物科技有限公司,"調節血脂, 紅麴（規格標準）-調節血脂",Monacolin K
衛部健食規字第000052號,諾寶紅麴膠囊,諾貝兒寶貝股份有限公司,"調節血脂, 紅麴（規格標準）-調節血脂",Monacolin K
衛部健食規字第000053號,你滋美得 健康精粹魚油膠囊,景華生技股份有限公司,"調節血脂, 魚油（規格標準）-調節血脂",純度(EPA+DHA)二十碳五烯酸 (EPA)二十二碳六烯酸 (DHA)
衛部健食規字第000054號,悠萃美佳魚油軟膠囊,中南生物科技股份有限公司,"調節血脂, 魚油（規格標準）-調節血脂",EPA 含量：147-210 毫克/粒DHA 含量：105-140 毫克/粒魚油純度(EPA+DHA)：36~50%
衛部健食規字第000055號,如順健康魚油膠囊,普新生技股份有限公司,"調節血脂, 魚油（規格標準）-調節血脂",EPA含量：105-150毫克/顆DHA含量：75-100毫克/顆魚油純度(EPA+DHA)：36~50%
衛部健食規字第000056號,漁人健康紅麴素食膠囊 (暫停生產),漁人製藥股份有限公司,"調節血脂, 紅麴（規格標準）-調節血脂",Monacolin K
衛部健食規字第000057號,紅麴優清膠囊,順天本草股份有限公司,"調節血脂, 紅麴（規格標準）-調節血脂",HMG-COA還原酵素抑制劑Monacolin K
衛部健食規字第000058號,高優質Plus魚油軟膠囊,杏輝藥品工業股份有限公司,"調節血脂功能, 魚油（規格標準）-調節血脂功能",純度(EPA+DHA)含量百分比二十碳五烯酸 (EPA)二十二碳六烯酸 (DHA)
衛部健食規字第000059號,安益身清紅麴膠囊,漢生堂生物科技有限公司,"調節血脂功能, 紅麴（規格標準）-調節血脂功能",HMG-CoA還原酵素抑制劑Monacolin K
衛部健食規字第000060號,天明康健紅麴膠囊,天明製藥股份有限公司農科分公司,"調節血脂, 紅麴（規格標準）-調節血脂",Monacolin K (HMG-CoA還原酵素抑制劑)
衛部健食規字第000061號(本證失效),天河賞®健康魚油膠囊,聖安投資股份有限公司,"調節血脂, 魚油（規格標準）-調節血脂",EPA、DHA、魚油純度(EPA+DHA)
衛部健食規字第000062號,井田優麴膠囊,井田生化科技股份有限公司,"調節血脂功能, 紅麴（規格標準）-調節血脂功能",每粒膠囊(345毫克)含HMG-CoA還原酵素抑制劑Monacolin K 2.85~4.28毫克
衛部健食規字第000063號(本證失效),萊萃美超級魚油1000mg軟膠囊,統一藥品股份有限公司,"調節血脂, 魚油（規格標準）-調節血脂",EPA 250〜300毫克/粒DHA 160〜200毫克/粒魚油純度(EPA+DHA) 45% + 5%
衛部健食規字第000064號,天明活力順魚油膠囊,天明製藥股份有限公司,"調節血脂, 魚油（規格標準）-調節血脂",EPA含量： 182~273 毫克 DHA含量： 123~185毫克 魚油純度(EPA+DHA)：30~46%
衛部健食規字第000065號,樂活魚油軟膠囊,臺鹽實業股份有限公司,"調節血脂, 魚油（規格標準）-調節血脂",魚油純度 (EPA+DHA)
衛部健食規字第000066號,伊美維達健康紅麴膠囊,茂超醫材生技有限公司,"調節血脂, 紅麴（規格標準）-調節血脂",HMG-COA COA還原酵素抑制劑 Monacolin K
衛部健食規字第000067號,優旨樂紅麴膠囊,德康生物科技股份有限公司,"調節血脂功能, 紅麴（規格標準）-調節血脂功能",HMG-CoA還原酵素抑制劑(Monacolin K)
衛部健食規字第000068號,BHK’s深海魚油軟膠囊,帝力股份有限公司,"調節血脂, 魚油（規格標準）-調節血脂",每份(2粒)含EPA 307.2~460.8 mgDHA 217.6~320 mg魚油純度(EPA+DHA) 33~49%
衛部健食規字第000069號,北条博士-通醇精純魚油軟膠囊,馬太生物科技有限公司,"調節血脂, 魚油（規格標準）-調節血脂",每份2顆含EPA 307.2~460.8 mgDHA 217.6~320 mg魚油純度(EPA+DHA) 33~49%
衛部健食規字第000070號,速速清魚油軟膠囊,久保雅司國際股份有限公司,"調節血脂, 魚油（規格標準）-調節血脂",每份(2顆)含EPA 84~126 mgDHA 380.8~571.2 mg魚油純度(EPA+DHA) 33~50%
衛部健食規字第000071號,創普997淨魚油軟膠囊,創普生技股份有限公司,"調節血脂, 魚油（規格標準）-調節血脂",EPA:630-930mgDHA:480-690mg魚油純度(EPA+DHA):40-50%
衛部健食規字第000072號,大醫生技紅麴膠囊,大醫生技有限公司,"調節血脂, 紅麴（規格標準）-調節血脂",每顆(595毫克)含HMG-CoA還原酵素抑制劑Monacolin K 9.2~13.8毫克
衛部健食規字第000073號,益健紅麴膠囊,益力康生物科技有限公司,"調節血脂, 紅麴（規格標準）-調節血脂",每份(3顆)含HMG-CoA還原酵素抑制劑Monacolin K 4.71~7.05 毫克
衛部健食規字第000074號,優旨樂®深海魚油軟膠囊,德康生物科技股份有限公司,"調節血脂功能, 魚油（規格標準）-調節血脂功能",每份2顆含EPA307.2~460.8 mgDHA217.6~320 mg魚油純度(EPA+DHA)33~49%
衛部健食規字第000075號,常春樂活御紅麴膠囊,台視文化事業股份有限公司,"調節血脂功能, 紅麴（規格標準）-調節血脂功能",每份(1粒)含HMG-CoA還原酵素抑制劑Monacolin K含量為4.8~7.2毫克
衛部健食規字第000076號,紅麴膠囊,三多士股份有限公司,"調節血脂功能, 紅麴（規格標準）-調節血脂功能",每粒膠囊:Monacolin K(HMG-CoA 還原酵素抑制劑) 6±1.2毫克
衛部健食規字第000077號,常景紅麴膠囊,常富養生科技有限公司,"調節血脂功能, 紅麴（規格標準）-調節血脂功能",每粒（0.595克）含HMG-CoA還原酵素抑制劑Monacolin K 2.50～3.75毫克
衛部健食規字第000078號,2812機能魚油軟膠囊,東翔生技股份有限公司,"調節血脂, 魚油（規格標準）-調節血脂",每份6顆含EPA 667.7~1001.5 mgDHA 367.2~500.8 mg魚油純度(EPA+DHA) 31~45%
衛部健食規字第000079號,金紅麴 植物膠囊,兆億憓生物科技有限公司,"調節血脂, 紅麴（規格標準）-調節血脂",HMG-CoA還原酵素抑制劑Monacolin K
衛部健食規字第000080號,菁萃純淨DHA魚油軟膠囊,宏曄生物科技有限公司,"調節血脂, 魚油（規格標準）-調節血脂",1.EPA2.DHA
衛部健食規字第000081號,大醫生技DHA+EPA TG型魚油膠囊,大醫生技股份有限公司,"調節血脂, 魚油（規格標準）-調節血脂",EPA 307.2~460.8 mgDHA 716.8~1075.2 mg魚油純度（EPA+DHA） 32.0~48.0%
衛部健食規字第000082號,淨醇紅麴膠囊,宏曄生物科技有限公司,"調節血脂, 紅麴（規格標準）-調節血脂",每份含Monacolin K 9.92~14.88 mg/g
衛部健食規字第000083號,和司特紅麴膠囊,騰勢股份有限公司,"調節血脂, 紅麴（規格標準）-調節血脂",每份1顆含HMG-COA還原酵素抑制劑Monacolin K 9.51~14.26 毫克
衛部健食規字第000090號,清優魚油軟膠囊,和司特股份有限公司,"調節血脂, 魚油（規格標準）-調節血脂",EPA22.0~30.0 g/100 gDHA13.6~20.0 g/100 g純度(EPA+DHA)35.6~50%
衛部健食規字第000091號,尚介清魚油軟膠囊,和司特股份有限公司,"調節血脂, 魚油（規格標準）-調節血脂",EPA22.0 ~ 30.0 g/100 gDHA13.6 ~ 20.0 g/100 g純度(EPA+DHA)35.6 ~ 50%
衛部健食規字第000092號,速通魚油軟膠囊,和司特股份有限公司,"調節血脂, 魚油（規格標準）-調節血脂",EPA22.0 ~ 30.0 g/100 gDHA13.6 ~ 20.0 g/100 g純度(EPA+DHA)35.6 ~ 50%
衛署健食字第A00001號,威望身寶寧,維達股份有限公司,調節血脂,"EPA, DHA 蒜素 (ALLICIN)"
衛署健食字第A00002號(本證失效),賜多利奶粉,連法國際實業股份有限公司,調節血脂,總免疫球蛋白 G 、 特定免疫球蛋 G
衛署健食字第A00010號,桂格原片原味大燕麥片,佳格食品股份有限公司,調節血脂,β-聚葡萄糖 (β-glucan)
衛署健食字第A00011號,桂格即沖即食大燕麥片,佳格食品股份有限公司,"調節血脂, 不易形成體脂肪",β-聚葡萄糖(β-glucan)
衛署健食字第A00012號,奧利多碳酸飲料,金車股份有限公司,胃腸功能改善,寡醣（含異麥芽寡醣及半乳糖寡醣）
衛署健食字第A00013號(本證失效),味全優酪乳,味全食品工業股份有限公司,胃腸功能改善,保加利亞桿菌(Lactobacillus bulgaricus)、嗜熱鏈球菌(Streptococcus thermophilus)
衛署健食字第A00014號(本證失效),豐力富高鈣低脂奶粉,香港商安佳 (遠東) 有限公司台灣分公司,胃腸功能改善,比菲德氏菌 Bifidobacterium lactis HN019 (DR10TM)
衛署健食字第A00015號(本證失效),雙鶴極品靈芝(膠囊及粉劑),勇健工業股份有限公司,免疫調節,靈芝三帖類、 靈芝多醣體
衛署健食字第A00016號(本證失效),複合益生菌,味全食品工業股份有限公司,胃腸功能改善,雙歧桿菌 (B.longum BB536 +B.lactis Bb12)
衛署健食字第A00017號,威望佳美鈣,維達股份有限公司,骨質保健,鈣、維生素Ｄ3、鎂、鋅
衛署健食字第A00018號,人參精萃膠囊,悅寶生物科技股份有限公司,"免疫調節, 抗疲勞",總人參配醣體 (total ginsenosides)
衛署健食字第A00019號(本證失效),福樂一番鮮鮮奶優酪乳,佳乳食品股份有限公司,胃腸功能改善,總乳酸菌(包含Streptococcus thermophilus、Lactobacillus delbrueckii)
衛署健食字第A00020號(本證失效),優沛蕾活菌球低脂原味活性醱酵乳,佳乳食品股份有限公司,胃腸功能改善,總乳酸菌(包含Streptococcus thermophilus、Lactobacillus delbrueckii)、雙叉桿菌(龍根菌Bifidobacterium longum)
衛署健食字第A00021號(本證失效),福樂一番鮮草莓鮮奶優酪乳,佳乳食品股份有限公司,胃腸功能改善,總乳酸菌(包含Streptococcus thermophilus、Lactobacillus delbrueckii)、雙叉桿菌(龍根菌Bifidobacterium longum)
衛署健食字第A00066號,引藻™片(小球藻W-87),國際引藻生物科技股份有限公司,"調節血脂, 調節血糖, 免疫調節",小球藻（以次亞麻油酸為品管指標成分）
衛署健食字第A00067號,統一綺麗健康油,統一企業股份有限公司,不易形成體脂肪,中鏈脂肪酸11.1-15.0% (1.03~1.38公克)
衛署健食字第A00068號,如新華茂冬蟲夏草菌絲體精沛膠囊,美商如新華茂股份有限公司台灣分公司,抗疲勞,冬蟲夏草菌絲體粉末 (以腺苷Adenosine和甘露醇Mannitol為品管指標成分)
衛署健食字第A00069號,雙鶴御品靈芝,勇健工業股份有限公司,"輔助調整過敏體質, 延緩衰老","A.膠囊-每份(4粒)含:(1).靈芝酸 (A,B,C,C5,C6,D,E,G)及靈芝烯酸D：47.7~69.3毫克 (2).多醣肽 (分子量20萬以上)：54~63毫克B.粉劑-每份(1包)含:(1).靈芝酸 (A,B,C,C5,C6,D,E,G)及靈芝烯酸D：95.4~138.6毫克 (2).多醣肽 (分子量20萬以上)：108~126毫克"
衛署健食字第A00070號,如新華茂益生菌配方（膠囊食品）,美商如新華茂股份有限公司台灣分公司,胃腸功能改善,每份含PCC乳酸桿菌 (Lactobacillus fermentum) 2x10^9 CFU以上
衛署健食字第A00076號,炳翰人參粉,炳翰製藥廠股份有限公司,調節血糖,人參皂苷（Ginsenoside Rb2）
衛署健食字第A00077號,可立清機能性粉末,友華生技醫藥股份有限公司,調節血脂,L-arginine
衛署健食字第A00078號(本證失效),天然紅麴,味全食品工業股份有限公司,調節血脂,HMG-COA還原酵素抑制劑Monacolin K
衛署健食字第A00079號(本證失效),凝態活性發酵乳(大粒果實),台灣比菲多食品股份有限公司,胃腸功能改善,總乳酸菌（含Streptococcus thermophilus、Lactobacillus delbrueckii subsp. Bulgaricus ）
衛署健食字第A00080號(本證失效),桂格高鈣脫脂奶粉,佳格食品股份有限公司,調節血脂,以總乳酸菌 （含Lactobacillus acidophilus 與Lactobacillus casei）、比菲德氏菌（Bifidobacterium lactis）及鈣為品管指標成分
衛署健食字第A00081號,桂格黃金麩片燕麥片,佳格食品股份有限公司,調節血脂,每一份量50 公克：含 β-聚葡萄糖 (β-glucan) 1.65~2.47 公克
衛署健食字第A00082號(本證失效),田中寶養生液,中天生物科技股份有限公司,"調節血脂, 免疫調節, 胃腸功能改善",大豆發酵液（以Daidzein及果寡糖nystose為品管指標成分）
衛署健食字第A00120號(本證失效),統一健康3D錠狀食品,統一企業股份有限公司,"調節血脂, 調節血糖",Monacolin K
衛署健食字第A00121號,養樂多藍莓優酪乳,養樂多股份有限公司,胃腸功能改善,活性乳酸菌
衛署健食字第A00122號,養樂多草苺優酪乳,養樂多股份有限公司,胃腸功能改善,活性乳酸菌(包含Lactobacillus casei Shirota、Streptococcus thermophilus)
衛署健食字第A00123號,養樂多原味優酪乳,養樂多股份有限公司,胃腸功能改善,活性乳酸菌(包含Lactobacillus casei Shirota、Streptococcus thermophilus)
衛署健食字第A00124號,國鼎力提牛樟芝菌絲體膠囊,國鼎生物科技股份有限公司,護肝,安卓奎諾爾® (Antroquinonol®)為品管指標成分
衛署健食字第A00125號,康敏膠囊,光晟生物科技股份有限公司,輔助調整過敏體質功能,Lactobacillus salivarius
衛署健食字第A00172號,台糖寡醣乳酸菌,台灣糖業股份有限公司,胃腸功能改善,果寡醣及活性乳酸菌
衛署健食字第A00173號,納麴Q10膠囊,永信藥品工業股份有限公司,調節血脂,Monacolin K
衛署健食字第A00174號,優護成長配方(液態),佳格食品股份有限公司,免疫調節,每一份量220 毫升：含β-聚葡萄糖(β-Glucan) 9.25 毫克以上
衛署健食字第A00175號(本證失效),國安-賜你康(粉末食品),三洋藥品工業股份有限公司,免疫調節,人參皂苷Rb1(Ginsenoside Rb1);甘草甜素(Glycyrrhizin)
衛署健食字第A00176號,AB Oligo優酪乳,統一企業股份有限公司,胃腸功能改善,活性乳酸菌
衛署健食字第A00177號,御茶園每朝健康烏龍綠,維他露食品股份有限公司,調節血脂,兒茶素(catechins);菊苣纖維(inulin)
衛署健食字第A00192號(本證失效),福樂鈣多多健康牛乳-低脂配方,佳格食品股份有限公司,骨質保健,品管指標成分:鈣
衛署健食字第A00193號(本證失效),福樂鈣多多低脂優酪乳,佳乳食品股份有限公司,骨質保健,品管指標成分:鈣
衛署健食字第A00194號,精淬玫瑰四物飲 多酚配方,佳格食品股份有限公司,延緩衰老功能,以總多酚（以 ferulic acid計）為品管指標成分 60.9 ~ 91.5毫克
衛署健食字第A00195號,三多健康®膳食纖維粉末食品,三多士股份有限公司,胃腸功能改善,菊苣纖維(Inulin)
衛署健食字第A00196號,天然綠藻錠,味丹生物科技股份有限公司,免疫調節,以葉綠素為品管指標成分
衛署健食字第A00197號,含鐵四物飲,佳格食品股份有限公司,促進鐵吸收功能,亞鐵
衛署健食字第A00198號(本證失效),珍藍藻錠 (暫停生產),大永生醫有限公司,免疫調節,藻藍素
衛署健食字第A00206號,天然螺旋藻錠,味丹生物科技股份有限公司,調節血脂,品管指標成分:藻藍素（Phycocyanins）
衛署健食字第A00207號,綠川®黃金蜆精錠,立川蜆精生技股份有限公司,護肝,扣除賦形劑干擾後肝醣含量≧15 mg/0.412 g (每錠)
衛署健食字第A00208號(本證失效),統一®黃金蜆錠,統一夢公園生活事業股份有限公司,,品管指標成分：肝醣
衛署健食字第A00215號,龍泉金鑽健康麥汁(黑麥風味),三洋藥品工業股份有限公司,胃腸功能改善,異麥芽糖(Isomaltose)；盼樂糖(Panose)
衛署健食字第A00217號,樂亦暢®益生菌膠囊,景岳生物科技股份有限公司,胃腸功能改善,1.乳酸菌(Lactobacillus sporogenes、Lactobacillus plantarum、Lactobacillus fermentum); 2.總膳食纖維; 3.菊苣纖維.
衛署健食字第A00218號,IMMUPHYLA LCW23®副乾酪乳酸桿菌膠囊,生展生物科技股份有限公司,輔助調整過敏體質,副乾酪乳酸桿菌(Lactobacillus paracasei)
衛署健食字第A00219號,金克寧銀養高鈣雙效牛奶,愛之味股份有限公司,"調節血脂功能, 胃腸功能改善",半乳寡醣
衛署健食字第A00220號,台酒異麥芽寡醣,臺灣菸酒股份有限公司臺中酒廠,胃腸功能改善,異麥芽醣(以異麥芽糖+盼樂糖+異麥芽三糖計)
衛署健食字第A00221號,高野家燕麥片,愛之味股份有限公司,調節血脂功能,β-聚葡萄糖
衛部健食字第A00394號,婕樂纖 纖飄錠,維科生技股份有限公司,"調節血脂, 不易形成體脂肪",兒茶素 80~120 毫克/錠。
衛部健食字第A00395號,正官庄高麗蔘粉EVERYTIME,正官庄股份有限公司,"免疫調節, 護肝",人蔘皂苷 (以Rg1及Rb1合計)
衛部健食字第A00396號,人可和樟芝菌絲體膠囊,永豐萊得股份有限公司,"免疫調節, 護肝",每粒膠囊595毫克，內容物500毫克含保健功效相關成分:可能總三萜(以齊墩果酸計)61.00±12.20毫克β-glucan 120.0±24.0毫克。
衛部健食字第A00397號,勝立王朝滴雞精(原味),慶豐冷凍實業有限公司,抗疲勞,總支鏈胺基酸(以Leucine、Isoleucine、Valine計)：0.45±0.09% (297±59.4毫克/包)
衛部健食字第A00403號,娘家®滴雞精,元進莊企業股份有限公司,抗疲勞,總支鏈胺基酸(以Leucine、Isoleucine、Valine計) 0.219 g - 0.329 g / 65 mL
衛部健食字第A00404號,每朝健康無糖紅茶,維他露食品股份有限公司,不易形成體脂肪,總膳食纖維(含難消性麥芽糊精) 0.87~1.29 公克/100毫升
衛部健食字第A00405號,YOGA高纖路易博士茶,統一企業股份有限公司,延緩衰老功能,品管指標成分：總兒茶素628 mg/L ~ 942 mg/L (219.8 mg ~ 329.7 mg/350 mL)
衛部健食字第A00406號,三得利 芝麻明EX 膠囊,新加坡商三得利健益亞太股份有限公司,護肝,每份含芝麻素類 (以芝麻素、表芝麻素計)：8-12毫克維生素E (以α-tocopherol計)：44-66 毫克α-TE
衛部健食字第A00407號,靚齡風華錠,生達化學製藥股份有限公司,骨質保健,保健功效之相關成分含量：每錠含維生素D3 0.39~0.86微克品管指標成分含量：每錠含鈣133.3~199.9毫克
衛部健食字第A00408號,杜仲葉人參風味飲,炳翰製藥廠股份有限公司,調節血糖,綠原酸Chlorogenic acid 50 mg/kg±20%
衛部健食字第A00409號,保衛佳®膠囊,扶陞貿易有限公司,胃腸功能改善,保健功效之相關成分含量：半乳甘露聚醣(以半乳糖及甘露糖計)：303.0~454.5 毫克/粒品管指標之相關成分含量：膳食纖維：342.2 ~ 513.2毫克/粒
衛部健食字第A00410號,原萃®日式綠茶,英屬維京群島商太古可口可樂股份有限公司台灣分公司,調節血脂功能,功效指標成分：總兒茶素253 ~ 379 μg/mL
衛部健食字第A00411號,蘭亭牛樟芝菌絲體膠囊,蘭亭生物科技股份有限公司,調節血糖,(β-葡聚醣) :50mg±10mg
衛部健食字第A00412號,聚安堂納豆紅麴膠囊,台灣優杏生物科技股份有限公司,調節血脂,保健功效之相關成分含量Monacolin K 1.91~2.86 mg/粒
衛部健食字第A00413號,老協珍熬雞精,老協珍股份有限公司,抗疲勞,總支鏈胺基酸(以Leucine、Isoleucine、Valine計) 0.58% ~ 0.86%
衛部健食字第A00414號,氧甘寶錠,久禾生物科技有限公司,"抗疲勞功能, 護肝功能",護肝：保健功效之相關成分含量：薑黃素168~252 mg/3錠；品管指標成分含量：紅景天苷1.8~2.7 mg/3錠抗疲勞：保健功效之相關成分含量：紅景天苷1.8~2.7 mg/3錠；品管指標成分含量：薑黃素168~252 mg/3錠
衛部健食字第A00415號,双纖麥茶,愛之味股份有限公司,不易形成體脂肪,難消化性麥芽糊精0.73~1.09公克/100毫升菊苣纖維(以Fructan計) 0.60~0.90公克/100毫升
衛部健食字第A00416號,深海礦萃海洋深層水,光隆生化科技股份有限公司,調節血脂功能,每瓶(300 mL)含鎂：280 ppm±10%
衛部健食字第A00417號,七采鈣樂飲,德康生物科技股份有限公司,骨質保健,保健功效成分：維生素D3 10.08 ~ 15.12 μg/包(18克)品管指標成分：鈣 288 ~ 432 mg/包(18克)
衛部健食字第A00418號,聿健®活力膠囊,聿新生物科技股份有限公司新竹科學園區分公司,調節血脂功能,以蝦紅素(Astaxanthin)為品管指標成分：0.22% ~ 0.33% (0.55 mg ~ 0.83 mg/粒)
衛部健食字第A00419號,悅氏麥仔茶,名牌食品股份有限公司,胃腸功能改善,每份550毫升含有異麥芽寡醣(以Isomaltose、Panose、Isomaltotriose計) 4.75±0.95公克。
衛部健食字第A00420號,金善錠,亞鋐生醫國際有限公司,不易形成體脂肪,羥基檸檬酸(Hydroxycitric acid) 220 ~ 330 mg/錠 (29.8% ~ 44.7%)綠原酸(Chlorogenic acid) 20~30mg/錠 (2.7% ~ 4.1%)
衛部健食字第A00421號,固立穩定 錠狀食品,中化健康生技股份有限公司,骨質保健,本產品以鈣為功效指標成分，每份 (2錠) 36～54毫克。
衛部健食字第A00422號,葡萄王易得纖益生菌膠囊,葡萄王生技股份有限公司,不易形成體脂肪,品管指標成分：活性總乳酸菌≧2.1×1010 CFU/g
衛部健食字第A00423號,無加糖鮮豆漿,光泉牧場股份有限公司,調節血脂功能,黃豆蛋白 2.7 ~ 4.1 g/100 mL
衛部健食字第A00424號,孅柑萃膠囊,百達醫企業有限公司,不易形成體脂肪,柚皮苷 (Naringin) 126.8~190.2 毫克/克內容物
衛部健食字第A00425號,燃燒日記膠囊,麗彤生醫科技股份有限公司,不易形成體脂肪功能,保健功效成分：兒茶素283±56.6 毫克/克內容物。品管指標成分：綠原酸3.73±0.75 毫克/克內容物。
衛部健食字第A00426號,萬歲牌機能纖蔬燕麥堅果飲,聯華食品工業股份有限公司,調節血脂功能,菊苣纖維3.44～5.16 公克/32公克(包)
衛部健食字第A00427號,可果美O tomate 100%蕃茄檸檬汁,臺灣可果美股份有限公司,調節血脂,每一份(280毫升)含：茄紅素 22.8-34.2毫克。
衛部健食字第A00428號,安永鱸魚精 健康御品,宜蘭安永樂活股份有限公司,抗疲勞功能,每包 60 mL含總支鏈胺基酸（以Leucine、Isoleucine、Valine計）規格：434.4 mg ± 20%（347.52 mg ~ 521.28 mg）
衛部健食字第A00429號,正官庄高麗蔘精EVERYTIME PLUS,正官庄股份有限公司,免疫調節,人蔘皂苷(以Rb1、Rg1及Rg3合計)：21.2~31.8 mg/10 mL(包)
衛部健食字第A00430號,威瑪舒培®活力錠,臺灣威瑪舒培有限公司,抗疲勞,紅景天苷(Salidroside)：1.44~2.16 mg/g
衛部健食字第A00431號,茶有FU-三分糖紅茶,三皇生物科技股份有限公司,胃腸功能改善,總膳食纖維：1.46 %~ 2.20%
衛部健食字第A00432號,Hi-Q鱸魚精,中華海洋生技股份有限公司,抗疲勞功能,總支鏈胺基酸(以白胺酸、異白胺酸、纈胺酸計)0.48% ~ 0.72% (4.8 ~7.2 mg/mL)
衛部健食字第A00433號,波爾益牙無糖口香糖-薄荷風味,金車股份有限公司,牙齒保健功能,每份15克(10粒)含木糖醇 6.0 ± 1.2公克
衛部健食字第A00434號,紅薏仁飲,弘陽生技股份有限公司,調節血脂,膳食纖維(含玉米來源可溶性纖維)含量：6.2 ± 1.2 g/195 mL
衛部健食字第A00435號,善又美草本複方膠囊,科達製藥股份有限公司,不易形成體脂肪,二氫楊梅素(Dihydromyricetin)：290.4 ~ 435.6 mg/2粒橙皮苷(Hesperidin)：5.68 ~ 8.52 mg/2粒
衛部健食字第A00442號,樟之力牛樟芝菌絲體膠囊,綠茵生技股份有限公司,免疫調節,可能總三萜(以齊墩果酸計)、腺苷。
衛部健食字第A00443號,TWK10® 乳酸菌膠囊,生合生物科技股份有限公司,抗疲勞,總乳酸菌(以Lactobacillus plantarum TWK10計)
衛部健食字第A00444號,輕甘酯膠囊,菲利達生技股份有限公司,護肝,本產品以腺苷(Adenosine)為品管指標成分，內容物515 mg±10%/粒；每粒膠囊含腺苷(Adenosine) 1.442 mg±20%/粒。
衛部健食字第A00445號,酐衛複方草本精華膠囊,澤生生技股份有限公司,護肝,五味子乙素為本品的品管指標成分。本品每粒膠囊 595 mg ± 5% 中含有五味子乙素 0.060~0.090 mg/粒。
衛部健食字第A00446號,馬玉山高纖大燕麥片,馬玉山食品工業股份有限公司,"調節血脂, 免疫調節",β-葡聚醣(β-glucan)
衛部健食字第A00447號,有機檸檬醱酵液,健茂科技股份有限公司,調節血脂,橙皮苷 (Hesperidin) 402~603 μg/mL
衛部健食字第A00448號,多補多β-Glucan膠囊,禮得健康有限公司,免疫調節,β-聚葡萄糖 (β-Glucan) 56~84 g/100
衛部健食字第A00449號,芯動力膠囊,亞洲生化科技股份有限公司,調節血脂,L-精胺酸：696-1044 mg/2粒
衛部健食字第A00450號,青之寶膠囊,晶沛生技有限公司,調節血脂,保健功效相關成分含量，每份(2顆)含橄欖多酚(以Hydroxytyrosol計) 12.32~18.48 毫克
衛部健食字第A00451號,健字山苦瓜膠囊,精華生醫股份有限公司,調節血糖,三價鉻：64.774~97.160 mg/kg
衛部健食字第A00452號,善存舒敏PRO 益生菌粉末顆粒,美商百豐生醫股份有限公司台灣分公司,輔助調整過敏體質,每包(份)2公克含總乳酸菌數達150億CFU以上
衛部健食字第A00453號,威瑪舒培薑黃養護錠,台灣綠金家園有限公司,護肝,薑黃素(Curcumin)：77~115 mg/g芝麻素(Sesamin)：4.72~7.08 mg/g
衛部健食字第A00454號,紅景天複方錠,上浤醫藥生技股份有限公司,抗疲勞,紅景天苷 1.44~2.16 毫克/克(1.05~1.58 毫克/錠)
衛部健食字第A00461號,泰山珍穀益南瓜藜麥粥,泰山企業股份有限公司,調節血脂,菊苣纖維2.704%~4.056%(w/w)
衛部健食字第A00462號,善存守護PRO益生菌膠囊,美商百豐生醫股份有限公司台灣分公司,免疫調節,總乳酸菌數 ≥ 1.0 × 10^10 CFU/g
衛部健食字第A00463號,立康生醫益菌多顆粒,生展生物科技股份有限公司,胃腸功能改善,1.龍根雙歧桿菌Bifidobacterium longum 1.0 × 1010 CFU以上/10公克2.有胞子性乳酸菌Lactobacillus sporogenes 1.0 × 109 CFU以上/10公克
衛部健食字第A00464號,金肽康五味子錠,德康生物科技股份有限公司,護肝,五味子乙素(Schisandrin B) 0.74~1.1 mg/g 芝麻素(Sesamin) 9.6~14.4 mg/g
衛部健食字第A00465號,藤黃果複方膠囊,浤景有限公司,不易形成體脂肪,羥基檸檬酸320~480 mg/g
衛部健食規字第000032號(本證失效),采揚善清膠囊,采揚實業有限公司,"調節血脂, 紅麴（規格標準）-調節血脂",Monacolin K
衛部健食規字第000036號(本證失效),台灣紅麴王膠囊,大江基因醫學股份有限公司,"調節血脂, 紅麴（規格標準）-調節血脂",Monacolin K
衛部健食規字第000038號,好脂速膠囊,悅寶生物科技股份有限公司,"調節血脂, 魚油（規格標準）-調節血脂",Omega-3 acids (EPA+DHA)
衛部健食字第A00325號(本證失效),植物活素燕麥飲品,豐新鮮實業股份有限公司,胃腸功能改善,膳食纖維
衛部健食字第A00326號,健祐全PPLs®精華液,美仕德股份有限公司,免疫調節功能,Propolin G（PPG ）
衛部健食字第A00327號,杏克醣顆粒,杏輝藥品工業股份有限公司,調節血糖功能,難消化性麥芽糊精、三價鉻
衛部健食字第A00328號,LACTIS樂蒂斯(乳酸菌大豆發酵萃取液),洛特企業有限公司,免疫調節功能,總大豆異黃酮(以Daidzin、Genistin、Daidzein、Genistein計)
衛部健食字第A00329號,羅伊敏膠囊,生達化學製藥股份有限公司,輔助調整過敏體質功能,羅伊氏乳桿菌
衛部健食字第A00330號,每朝健康双纖綠茶,維他露食品股份有限公司,"不易形成體脂肪功能, 胃腸功能改善",難消化性麥芽糊精、菊苣纖維
衛部健食字第A00331號,你滋美得 沛霸軟膠囊,景華生技股份有限公司,調節血脂,次亞麻油酸
衛部健食字第A00332號,倍熱®極纖錠,船井生醫股份有限公司,不易形成體脂肪功能,綠原酸、羥基檸檬酸
衛部健食字第A00333號,“鐵牛”養生滋補龜鹿飲,旺霖製藥工業有限公司,骨質保健,原兒茶酸(品管指標)
衛部健食字第A00334號,暢快人生CX粉末食品,東阪國際股份有限公司,"調節血脂功能, 不易形成體脂肪功能",難消化性麥芽糊精(膳食纖維)
衛部健食字第A00335號(本證失效),善又美草本複方膠囊,科達製藥股份有限公司,不易形成體脂肪,二氫楊梅素(Dihydromyricetin)橙皮苷(Hesperidin)
衛部健食字第A00336號,孅甘 紅膠囊,康霈生技股份有限公司,不易形成體脂肪功能,1. 兒茶素 2. 薑黃素
衛部健食字第A00337號(本證失效),益酸寧濃縮細粒,科達製藥股份有限公司,胃腸功能改善,芍藥甙(Paeoniflorin)甘草酸(Glycyrrhizic acid)鈣 Calcium(品管指標)
衛部健食字第A00338號,果寡糖順暢粉,振翔生物科技有限公司,胃腸功能改善,蔗果三糖(1-Kestose) 蔗果四糖(Nystose)
衛部健食字第A00339號,雙倍日記膠囊,麗彤生醫科技股份有限公司,"調節血脂, 不易形成體脂肪",兒茶素(Catechins) 233±46.6毫克/克內容物。
衛部健食字第A00340號,納補瑞多植優蛋白粉,杏輝藥品工業股份有限公司,調節血脂功能,分離大豆蛋白菊糖 (菊苣纖維 )
衛部健食字第A00341號,愛之味莎莎亞椰奶,愛之味股份有限公司,胃腸功能改善,難消化性麥芽糊精
衛部健食字第A00342號,人可和靈芝子實體膠囊,永豐萊得股份有限公司,"免疫調節, 延緩衰老",靈芝酸A (Ganoderic acid)
衛部健食字第A00343號,速美錠,年代健康生活事業股份有限公司,不易形成體脂肪,保健功效之相關成分含量：槲黃素 3.02~4.53毫克/6粒
衛部健食字第A00344號,桂格雙補養氣人蔘,佳格食品股份有限公司,護肝功能,人蔘皂甘Rg5
衛部健食字第A00345號,蓉憶記膠囊,杏輝藥品工業股份有限公司,延緩衰老,管花苯乙醇苷(以Acteoside、Isoacteoside、Echinacoside、2’-Acetyl echinacoside總和計)
衛部健食字第A00346號(本證失效),原萃纖®日式綠茶,英屬維京群島商太古可口可樂股份有限公司台灣分公司,調節血脂,總膳食纖維(含難消化性麥芽湖精)總兒茶素
衛部健食字第A00347號(本證失效),青之寶膠囊,吉如有限公司,調節血脂,橄欖多酚(以Hydroxytyrosol計)
衛部健食字第A00348號,美海雲®褐藻醣膠膠囊,漢和健康事業有限公司,免疫調節功能,品管指標成分:岩藻糖(fucose)
衛部健食字第A00349號(本證失效),氣津堂乳酸菌菊苣飲(奶茶口味),傑登生研有限公司,胃腸功能改善,總乳酸菌及菊苣纖維
衛部健食字第A00350號,炳翰人參花茶包,炳翰製藥廠股份有限公司,調節血脂功能,人參皂苷-Rb1 (Ginsenoside Rb1)
衛部健食字第A00351號,金盛旺極品椴木牛樟芝膠囊,金盛旺生物科技股份有限公司,護肝,可能總三萜(以齊墩果酸計)
衛部健食字第A00352號,青春蜂王漿飲,源穎生技股份有限公司,延緩衰老功能,癸烯酸(10-HDA)
衛部健食字第A00353號,桐核麥養生液,桐核麥生物科技股份有限公司,調節血脂,每份60毫升含β(1→3，1→6)-D-glucans 29.76 mg-44.64 mg
衛部健食字第A00354號,纖康茶,三皇生物科技股份有限公司,調節血脂,總膳食纖維(含難消化性麥芽糊精)
衛部健食字第A00355號,GM-BMD益生菌膠囊,景岳生物科技股份有限公司,骨質保健功能,植物乳桿菌(Lactobacillus plantarum)GMNL-662
衛部健食字第A00356號,舒甘調達食品膠囊,宇力鑫生技股份有限公司,護肝功能,薑黃素甘草素
衛部健食字第A00357號,百傲固力錠,漢堃精英有限公司,骨質保健,"2,3,4-三羥基丁酸鈣"
衛部健食字第A00358號,紅麴磷蝦油軟膠囊,美無痕生物科技股份有限公司,調節血脂功能,HMG-CoA 還原酵素抑制劑-Monacolin K
衛部健食字第A00359號,綠淨肽®膠囊,兆鴻生技股份有限公司,調節血脂,本產品以精胺酸(Arginine)為品管指標成分
衛部健食字第A00360號,萬歲牌機能杏仁什榖堅果飲,聯華食品工業股份有限公司,調節血脂功能,菊苣纖維
衛部健食字第A00361號,Simple Power能量補給飲料,名牌食品股份有限公司,抗疲勞,品管指標成分： 鎂：105 ± 21 mg/瓶
衛部健食字第A00362號,桂格葡萄糖胺高鈣奶粉,佳格食品股份有限公司,骨質保健,每一份量220毫升：含鈣560 ~ 840毫克。
衛部健食字第A00363號,山竹養生液,基業生物科技股份有限公司,調節血糖,α-mangostin (α-倒捻子素)：19.2 mg ± 15%/15 mL
衛部健食字第A00364號,高鈣鮮豆漿,光泉牧場股份有限公司,"調節血脂, 骨質保健",黃豆蛋白、鈣
衛部健食字第A00365號,洛神花養生沖泡粉末食品,愛之味股份有限公司,"調節血脂, 護肝",沒食子酸(Gallic acid)
衛部健食字第A00366號,生展超免菌®益生菌粉末,生展生物科技股份有限公司,免疫調節,總乳酸菌(Lactobacillus paracasei LCW23)
衛部健食字第A00367號,活芯®升級版軟膠囊,杏輝藥品工業股份有限公司,抗疲勞,松果菊苷、還原型輔酵素Q10
衛部健食字第A00368號,GSH 顧甘肽膠囊,創百股份有限公司,護肝,穀胱甘肽 Glutathione
衛部健食字第A00369號,舞纖停複方膠囊,創益生技股份有限公司,不易形成體脂肪,總兒茶素(以EGC、EC、EGCG、ECG總合計算)迷迭香酸
衛部健食字第A00370號,維奇鉻活力粉狀營養飲品,宜果國際股份有限公司,調節血糖,三價鉻(Chromium)菊糖(Inulin)
衛部健食字第A00371號,葡眾樟芝菌絲體生技營養飲品,葡萄王生技股份有限公司,護肝,1.芝麻素: 1.6~2.4毫克/180毫升2. γ-Aminobutyric acid (GABA): 6.4~9.6毫克/180毫升
衛部健食字第A00372號,愛之味鮮採蕃茄綜合蔬菜汁,愛之味股份有限公司,胃腸功能改善,異麥芽寡醣(以Isomaltose、Panose、Isomaltotriose計) 0.45~0.67公克/100毫升
衛部健食字第A00373號,典藏牛樟芝膠囊,台灣利得生物科技股份有限公司,"免疫調節, 護肝",可能總三萜(Possible Triterpenoids)：44~66 毫克/2粒樟芝酸K(Antcin K)：0.144~0.216 毫克/2粒Beta-葡聚糖(β-Glucan)：52~78 毫克/2粒腺苷(Adenosine)：0.6~0.9 毫克/2粒
衛部健食字第A00374號,Antromax®牛樟芝菌絲體膠囊,綠茵生技股份有限公司,護肝,每份(1顆)含可能總三萜(以齊墩果酸計) 12.5~18.7 mg、腺苷0.09~0.135 mg
衛部健食字第A00375號,田原香靈芝滴雞精,香港商田原香有限公司台灣分公司,"免疫調節, 抗疲勞",每份(60毫升/包)含免疫調節：靈芝酸A：0.264~0.396毫克抗疲勞：總支鏈胺基酸(以Leucine、Isoleucine、Valine計)：0.168~0.252公克
衛部健食字第A00376號,康貝特能量飲料,葡萄王生技股份有限公司,護肝,牛磺酸(Taurine) ：1470毫克/150毫升(即9.8 ± 1.96毫克/毫升)
衛部健食字第A00377號,鎂娜®紅景天膠囊,豐山生技醫藥品股份有限公司,抗疲勞,絡薩維(Rosavin )含量3.6±0.72 毫克/顆膠囊
衛部健食字第A00378號,御沛方九將軍膠囊,源穎生技股份有限公司,護肝,類薑黃素 (以Curcumin、Demethoxycurcumin Bisdemethoxycurcumin計) 104 -156毫克/公克
衛部健食字第A00379號,正甘能膠囊,泰宗生物科技股份有限公司,護肝,本產品以腺苷(Adenosine)為品管指標成分，內容物515mg±10% /粒；每粒膠囊含腺苷(Adenosine) 1.442mg±20% /粒。
衛部健食字第A00380號,台酒生技β-聚葡萄糖膠囊,臺灣菸酒股份有限公司,免疫調節,每顆膠囊495毫克，內容物400毫克，含保健功效相關成分β-聚葡萄糖 225.0±45.0毫克。
衛部健食字第A00381號,極品牛樟芝菌絲體膠囊,合一生技股份有限公司,護肝,以4-安卓奎諾爾B (4-acetylantroquinonol B)為品質管制指標；每顆含0.215~0.315 mg 4-acetylantroquinonol B
衛部健食字第A00382號,威瑪舒培活力錠,易陞植物生技有限公司,抗疲勞,保健功效之相關成分含量，每份（3錠）含紅景天苷(Salidroside) 2.808~4.212毫克(紅景天苷(Salidroside): 1.44~2.16 mg/g )
衛部健食字第A00383號,農純鄉滴雞精,吉康食品股份有限公司,抗疲勞,以總支鏈胺基酸(以Leucine、Isoleucine、Valine計)為品管指標成分：0.288 ~ 0.432% (174 ~ 262毫克/包)
衛部健食字第A00384號,品純萃鱸魚精,食安生技股份有限公司,抗疲勞,總支鏈胺基酸(以白胺酸、異白胺酸、纈胺酸計)：272~408 mg/60 g(包)
衛部健食字第A00385號,金肽康五味子錠,德康生物科技股份有限公司,護肝,五味子乙素(Schisandrin B) 0.74~1.1 mg/g 芝麻素(Sesamin) 9.6~14.4 mg/g
衛部健食字第A00386號,黃金組合甘甘好膠囊,康霈生技股份有限公司,護肝,每粒膠囊627毫克(內容物525毫克)含1.薑黃素(Curcumin) 85 ± 17毫克/粒2.人參皂苷Rb1 4.0 ± 0.8毫克/粒
衛部健食字第A00387號,健康3D紅麴+鉻雙效錠,統一企業股份有限公司,"調節血脂, 調節血糖",Monacolin K：8.0~12.0毫克/份 三價鉻：132.8~199.2微克/份 ##三價鉻為調節血脂動物實驗品管指標成分
衛部健食字第A00388號,桂格萃雞精,佳格食品股份有限公司,抗疲勞,『總支鏈胺基酸「Leucine (白胺酸)、Isoleucine (異白胺酸)、Valine (纈胺酸)」：每68毫升含359~539毫克』
衛部健食字第A00389號,維士比倍勁X水補給飲,三洋藥品工業股份有限公司,抗疲勞,牛磺酸 0.28% ~ 0.42%
衛部健食字第A00390號,挺固錠,臺鹽實業股份有限公司,骨質保健,Daidzein 0.84±0.16% (10.43±1.99毫克/2錠)Genistein 0.84±0.16% (10.43±1.99毫克/2錠)
衛部健食字第A00391號,賢者之食桌 纖維粉末包,金車大塚股份有限公司,"調節血脂, 調節血糖",總膳食纖維(含難消化性麥芽糊精): 5~6 g/ 份
衛部健食字第A00392號,愛健萬丹紅紅豆水,愛之味股份有限公司,不易形成體脂肪,菊苣纖維 (Inulin) 1.2～1.8公克/100 毫升
衛部健食字第A00393號,金車補給園薑黃萃取物+GSH複方膠囊,金車股份有限公司,護肝,每1粒膠囊類薑黃素 (以Curcumin、Bisdemethoxycurcumin及Demethoxycurcumin計) 200 ± 40毫克穀胱甘肽 125 ± 25毫克
衛部健食字第A00246號(本證失效),康伯®食前健唐®錠,漢和健康素材有限公司,調節血糖,異黃酮(Daidzein、Glycitein、Genistein)
衛部健食字第A00247號,高纖馬鈴薯濃湯,馬玉山食品工業股份有限公司,胃腸功能改善,總膳食纖維(含難消化性麥芽糊精)(Indigestible Maltodextrin)
衛部健食字第A00248號,膳纖熟飯 健康雙麥飯,華強實業股份有限公司,調節血脂,β-glucan
衛部健食字第A00249號,保衛參,信東生技股份有限公司園區分公司,胃腸功能改善,人參配醣體
衛部健食字第A00250號,健康3D錠狀食品,統一企業股份有限公司,"調節血脂, 調節血糖",Monacolin K
衛部健食字第A00251號,麗豐益生暢粉末,麗豐實業股份有限公司,胃腸功能改善,總活性乳酸菌
衛部健食字第A00252號,TS6®健康有益菌,天賜爾生物科技股份有限公司,胃腸功能改善,總乳酸菌(Lactic Acid Bacteria)
衛部健食字第A00253號,優生北蟲草(蛹蟲草)子實體膠囊,優生生物科技股份有限公司,護肝,蟲草素(Cordycepin)及腺苷(Adenosine)為品質管制指標成分
衛部健食字第A00254號,賜百齡®藍藻錠,南寶國際生物科技股份有限公司,免疫調節,藻藍素
衛部健食字第A00255號(本證失效),綠膳纖膠囊,健康美麗股份有限公司,不易形成體脂肪,兒茶素
衛部健食字第A00256號,御茶園特撰日式綠茶,維他露食品股份有限公司,調節血脂,兒茶素
衛部健食字第A00257號,福樂鈣多多健康機能牛乳-全脂配方,佳格食品股份有限公司,骨質保健,鈣
衛部健食字第A00258號(本證失效),貝能菇蕈多醣體粉末,上宏茂生物科技股份有限公司,免疫調節,β-glucan
衛部健食字第A00259號,台糖鈣股力(粉末食品),台灣糖業股份有限公司,骨質保健,果寡醣(以1-Kestose+Nystose計)，鈣
衛部健食字第A00260號,大發里亞濃縮細粒,臻里生物科技股份有限公司,骨質保健,每1包2公克含品管指標成分(-)-Epicatechin-3-O-β-D- allopyranoside
衛部健食字第A00261號,洛神花健康膠囊,愛之味股份有限公司,"不易形成體脂肪, 護肝",沒食子酸gallic acid
衛部健食字第A00262號,健康蕎麥茶,光泉牧場股份有限公司,不易形成體脂肪,菊苣纖維
衛部健食字第A00263號,櫻桃姬補鐵精華液,黑松股份有限公司,促進鐵吸收,亞鐵
衛部健食字第A00264號,每朝健康氣泡茶風味飲料,維他露食品股份有限公司,不易形成體脂肪,難消化性麥芽糊精
衛部健食字第A00265號,ADR-1益生菌膠囊,景岳生物科技股份有限公司,調節血糖,羅伊氏乳桿菌(Lactobacillus reuteri)
衛部健食字第A00266號,李時珍四物大補帖(飲品),中天生物科技股份有限公司,促進鐵吸收,甘胺酸亞鐵含量 42±8 毫克/瓶
衛部健食字第A00267號,歐典生機養生黑木耳,歐典生物科技股份有限公司,胃腸功能改善,總膳食纖維
衛部健食字第A00268號,深海魚油薑黃+E膠囊,國家級生醫科技股份有限公司,調節血脂,Omega-3 acids
衛部健食字第A00269號,草本複方膠囊,中天生物科技股份有限公司,護肝,Curcumin（薑黃素）26.0 ± 5.2 mg/g Daidzein（大豆苷元）107.9 ± 21.6 μg/g
衛部健食字第A00270號,活源蔘膠囊,創益生技股份有限公司,抗疲勞,"總人蔘配醣體 (Total Ginsenosides,以Re、Rb1、Rc、Rd總和計算)"
衛部健食字第A00271號,舒敏佳膠囊,創益生技股份有限公司,輔助調整過敏體質,總活性乳酸菌
衛部健食字第A00272號,長庚冬蟲夏草菌絲體膠囊,長庚生物科技股份有限公司,抗疲勞,Adenosine（腺苷）
衛部健食字第A00273號,健護牛乳,愛之味股份有限公司,免疫調節,每100 mL含半乳寡糖1.12 ~1.68 g
衛部健食字第A00274號,優青素膠原藤黃果膠囊,臺鹽實業股份有限公司,不易形成體脂肪,綠原酸(Chlorogenic acid)羥基檸檬酸(Hydroxycitric acid)
衛部健食字第A00275號,優生牛樟芝固態培養菌絲體膠囊,優生生物科技股份有限公司,護肝,每份(一粒)膠囊含粗三帖烯6.32~9.48 毫克、Adenosine0.20~0.30 毫克
衛部健食字第A00276號,海礦1400,台灣海洋深層水股份有限公司,調節血脂,鎂
衛部健食字第A00277號,舒敏靈芝王靈芝菌絲體膠囊,葡萄王生技股份有限公司,輔助調整過敏體質,靈芝多醣60~90 mg/粒。
衛部健食字第A00278號,天恩牛樟芝固態培養菌絲體膠囊,天恩生物科技有限公司,護肝功能,可能總三萜及腺苷
衛部健食字第A00279號(本證失效),雙暢優高品質機能優酪乳 低脂原味,味全食品工業股份有限公司,調節血脂,Lactobacillus paracasei NTU101 乳酸菌
衛部健食字第A00280號,萃益敏益生菌,長行生物科技股份有限公司,"輔助調整過敏體質, 胃腸功能改善",品管指標成分：總乳酸菌(L. paracasei、L. acidophilus、L. rhamnosus、B. longum) 2×10^9 CFU/2 g (每包)以上
衛部健食字第A00289號,娘家大紅麴膠囊,晨暉生物科技股份有限公司,"調節血脂, 調節血糖, 延緩衰老",Monascin2.84 – 4.20 毫克/粒Ankaflavin1.28 – 1.92 毫克/粒
衛部健食字第A00290號,燕麥高纖無加糖鮮豆漿,光泉牧場股份有限公司,"調節血脂功能, 胃腸功能改善",黃豆蛋白、膳食纖維(菊苣纖維)
衛部健食字第A00291號,安怡TM長青高鈣奶粉,香港商遠東恆天然乳品有限公司台灣分公司,骨質保健功能,鈣(功效成分)、菊苣纖維(Inulin)(品管指標)
衛部健食字第A00298號,老協珍刺參精,老協珍股份有限公司,抗疲勞,以Arginine、Valine及Leucine三種胺基酸為品管指標成分
衛部健食字第A00299號(本證失效),KGCHECK纖醣健康錠,聯華食品工業股份有限公司,調節血糖,桑葉生物鹼
衛部健食字第A00300號,新安琪兒愛關寶奶粉,端強實業股份有限公司,骨質保健功能,鈣
衛部健食字第A00301號,LP33®益生菌膠囊,統一企業股份有限公司,"輔助調整過敏體質, 免疫調節","每份含總乳酸菌數≧2500000000 CFU, LP33®菌≧500000000 CFU"
衛部健食字第A00302號,葡耐因膠囊,得生製藥股份有限公司,調節血糖,以聚葡萄糖(β-Glucan)為品管指標
衛部健食字第A00303號(本證失效),固立穩定 錠狀食品,中化健康生技股份有限公司,骨質保健,鈣
衛部健食字第A00304號(本證失效),可果美O tomate 100%蕃茄檸檬汁,臺灣可果美股份有限公司,調節血脂,茄紅素
衛部健食字第A00305號,蔘元素膠囊,金宏裕生物科技有限公司,護肝,人參皂苷(以Rg1、Re、Rb1、Rc、Rb2及Rd 含量總和計)
衛部健食字第A00306號(本證失效),御品人蔘飲,中天生物科技股份有限公司,免疫調節,人參皂苷Rb1
衛部健食字第A00307號,活漅素膠囊,美樂佛國際行銷有限公司,促進鐵吸收功能,甘氨酸亞鐵
衛部健食字第A00308號,檸檬茶,台灣第一生化科技股份有限公司,胃腸功能改善,異麥芽寡醣(Isomaltose、Panose、Isomaltotriose計)
衛部健食字第A00309號,葡萄王黃金康貝特能量飲料,葡萄王生技股份有限公司,抗疲勞,105毫升含有牛磺酸(Taurine)1470毫克
衛部健食字第A00310號,御沛方雄蜂精,源穎生技股份有限公司,護肝功能,1.水解胺基酸A(甘胺酸(Glycine)、丙胺酸(Alanine)與精胺酸(Arginine) )為指標成分 2.水解胺基酸B(白胺酸(Leucine)、異白胺酸(Isoleucine)與纈胺酸(Valine) )為指標成分
衛部健食字第A00311號,安怡TM關鍵高鈣奶粉,香港商遠東恆天然乳品有限公司台灣分公司,骨質保健功能,每一份30公克含保健功效相關成分：保健功效成分鈣600±90毫克保健品管指標成分菊苣纖維1500±300毫克
衛部健食字第A00312號,安怡TM高鈣奶粉,香港商遠東恆天然乳品有限公司台灣分公司,骨質保健功能,每一份30公克含保健功效相關成分：保健功效成分：鈣501±99毫克保健品管指標成分：菊苣纖維1500±300毫克
衛部健食字第A00313號,烏骨雞滴雞精,高野健康生技股份有限公司,抗疲勞,總支鏈胺基酸(Leucine、Isoleucine、Valine)
衛部健食字第A00314號,珍寶干錠,美樂佛國際行銷有限公司,護肝功能,肝醣、薑黃素
衛部健食字第A00315號,好味粥,香港商田原香有限公司台灣分公司,胃腸功能改善,木寡糖(以木二糖計)
衛部健食字第A00316號,佳固力錠,榮澤生技股份有限公司,骨質保健,槲皮素；總多酚(以Gallic acid計)
衛部健食字第A00317號(本證失效),金動力膠囊,亞洲生化科技股份有限公司,調節血脂,L-精胺酸
衛部健食字第A00318號,膠原糖胺粉Plus,普新生技股份有限公司,骨質保健,大豆苷元(Daidzein)、金雀異黃酮(Genistein)
衛部健食字第A00319號,懷特益能強®膠囊,懷特生技新藥股份有限公司,抗疲勞,刺五加苷B（Eleutheroside B）
衛部健食字第A00320號,樟芝人參滋補液,台塑生醫科技股份有限公司,"抗疲勞, 護肝",腺苷、牛磺酸
衛部健食字第A00321號,NK有益甘膠囊,莊松榮製藥廠股份有限公司,護肝功能,沒食子酸、丹參酚酸B
衛部健食字第A00322號,L-137®植物乳酸菌膠囊,創百股份有限公司,"輔助調整過敏體質, 免疫調節",熱去活植物乳酸菌
衛部健食字第A00323號,威瑪舒培®大豆萃取物膠囊,易陞植物生技有限公司,骨質保健功能,總大豆異黃酮
衛部健食字第A00324號,FIP100纖維粉,船井生醫股份有限公司,"調節血脂, 調節血糖, 胃腸功能改善",總膳食纖維
衛署健食規字第000029號(本證失效),悠活紅麴植物膠囊,王子製藥股份有限公司,"調節血脂, 紅麴（規格標準）-調節血脂",Monacolin K
衛署健食規字第000030號,皇牌紅麴膠囊,京都念慈菴藥廠股份有限公司,"調節血脂, 紅麴（規格標準）-調節血脂",Monacolin K
衛署健食規字第000031號,特級紅麴皇膠囊,科達製藥股份有限公司,"調節血脂功能, 紅麴（規格標準）-調節血脂功能",Monacolin K
衛署健食規字第000033號(本證失效),活力紅麴膠囊,康盛藥品股份有限公司,"調節血脂, 紅麴（規格標準）-調節血脂",Monacolin K
衛署健食規字第000034號(本證失效),邁爾斯活力普紅麴膠囊,台灣邁爾斯生物科技股份有限公司,"調節血脂, 紅麴（規格標準）-調節血脂",Monacolin K
衛署健食規字第000035號,甜河谷紅麴健康膠囊,甜河谷醫藥生技股份有限公司,"調節血脂功能, 紅麴（規格標準）-調節血脂功能",Monacolin K
衛署健食規字第000037號(本證失效),新優植紅麴素食膠囊,順寶生醫股份有限公司,"調節血脂, 紅麴（規格標準）-調節血脂",Monacolin K
衛署健食字第A00055號(本證失效),健康新胺-水溶性殼醣胺,三益事業有限公司,調節血脂,水溶性幾丁聚醣-(水溶性殼醣胺)
衛署健食字第A00056號,統一活力寶典極品靈芝,統一企業股份有限公司,護肝,靈芝酸a(ganoderic acid a)、靈芝酸b(ganoderic acid b)
衛署健食字第A00057號(本證失效),益品年食用油,花王(台灣)股份有限公司,"調節血脂, 不易形成體脂肪",二酸甘油酯
衛署健食字第A00058號,益齒達®無糖口香糖-薄荷,台灣瑪氏股份有限公司,牙齒保健,木糖醇
衛署健食字第A00059號,養氣人蔘,佳格食品股份有限公司,護肝,每一份量60毫升：含人蔘皂苷Rg2：1.11 ~ 1.67毫克。
衛署健食字第A00060號,茶裏王日式無糖綠茶,統一企業股份有限公司,調節血脂,兒茶素39±7.8 mg/100 mL
衛署健食字第A00061號,每朝健康綠茶,維他露食品股份有限公司,"調節血脂, 不易形成體脂肪, 胃腸功能改善, 護肝",兒茶素(catechins) 61.6 ~ 92.4 毫克/100 毫升菊苣纖維(inulin) 1.8 ~ 2.5 公克/100 毫升
衛部健食字第A00281號,益菌健康膠囊,聯華食品工業股份有限公司,"輔助調整過敏體質, 免疫調節",總乳酸菌(L.acidophilus、L.paracasei、L.rhamnosus)
衛部健食字第A00282號,Dr. Sun益生菌,多利生醫股份有限公司,"輔助調整過敏體質, 胃腸功能改善",品管指標成分：總乳酸菌(L. paracasei、L. acidophilus、L. rhamnosus、B. longum)2×10^9 CFU/2 g(每包)以上
衛部健食字第A00283號,統一多多順暢活菌發酵乳,統一企業股份有限公司,胃腸功能改善,副乾酪乳桿菌YB100＞1.0×10^7 CFU/mL
衛部健食字第A00284號,加特福GT&F奶粉,加特福生物科技股份有限公司,調節血糖,每一份量 (20 公克) 含三價鉻 (Trivalent Chromium) 160 ~ 200 微克
衛部健食字第A00285號,欣樂飲,無限極國際有限公司,胃腸功能改善,品管指標成分：橙皮苷 (hesperidin)
衛部健食字第A00286號,枕無憂極萃50芝麻膠囊,富味鄉食品股份有限公司,護肝,每一份量(1 顆膠囊)含有：芝麻素47.0±9.4 毫克
衛部健食字第A00287號,檸檬酸鈣細顆粒,生展生物科技股份有限公司,骨質保健功能,鈣
衛部健食字第A00288號(本證失效),東阪生技益護康錠,東阪國際股份有限公司,免疫調節,金針菇免疫調節蛋白(FIP-fve)
衛部健食字第A00292號,麗豐牛樟芝菌絲體膠囊,麗豐實業股份有限公司,護肝,Adenosine、4-Acetylantroquinonol B、Ergosterol
衛部健食字第A00293號,263乳酸菌膠囊,景岳生物科技股份有限公司,"調節血脂, 不易形成體脂肪",每份2顆以含有羅伊氏乳桿菌GMNL®-263（熱去活菌）≧2×10^10 cells為品管指標成分
衛部健食字第A00294號,你滋美得新淨寶粉末食品,景華生技股份有限公司,胃腸功能改善,膳食纖維
衛部健食字第A00295號,船井牛奶鈣魚膠原粉,船井生醫股份有限公司,骨質保健,鈣 6~9 g/100 g
衛部健食字第A00296號,純喫茶無糖綠茶,統一企業股份有限公司,調節血脂,兒茶素
衛部健食字第A00297號(本證失效),纖姿亮妍飲,大江生醫股份有限公司,不易形成體脂肪,膳食纖維(含難消化性麥芽糊精)
衛部健食字第A00398號,桂格高鈣奶粉,佳格食品股份有限公司,骨質保健,品管指標成分：每一份量40公克：含鈣560 ~ 840毫克。保健功效成分：每一份量40公克：含維生素D3 4.2~ 7.5微克。
衛部健食字第A00399號,葡眾猴頭菇菌絲體膠囊,葡萄王生技股份有限公司,延緩衰老,每一粒含有:猴頭素A(Erinacine A) 1.32-1.98 mg
衛部健食字第A00400號,優纖 New Plus錠,大豊開發股份有限公司,不易形成體脂肪,表沒食子兒茶素沒食子酸酯(Epigallocatechin gallate，EGCG)：38±7.5毫克/錠(每錠550毫克)
衛部健食字第A00401號,苷寳良®uSOLA紅麴植萃膠囊,王子製藥股份有限公司,護肝,Monacolin K 2.0~3.0 mg/g(不含膠囊殼)；Monacolin K 1.0~1.5 mg/粒(不含膠囊殼)
衛部健食字第A00402號,新胺-水溶性殼醣胺,年代健康生活事業股份有限公司,調節血脂,水溶性幾丁聚醣（水溶性殼醣胺）：52.0 ± 2.6 % / 2粒（0.31公克）
衛部健食字第A00436號,益酸寧濃縮細粒,科達製藥股份有限公司,胃腸功能改善,芍藥甙(Paeoniflorin)：1.16~1.74 mg/g (3.48~5.22 mg/包)甘草酸(Glycyrrhizic acid)：1.26~1.90 mg/g (3.78~5.70 mg/包)
衛部健食字第A00437號,氣冷雞滴雞精,洽富實業股份有限公司,抗疲勞,總支鏈胺基酸(Leucine、Isoleucine、Valine) 264±53毫克/50毫升
衛部健食字第A00438號,谷穩錠,上浤醫藥生技股份有限公司,骨質保健,大豆異黃酮苷素(Daidzein) 4.56~6.84 mg/g金雀異黃酮苷素(Genistein) 4.56~6.84 mg/g維生素D3 240~360 μg/100 g (2.4~3.6 μg/g)
衛部健食字第A00439號,BB神采速纖飲,振翔生物科技有限公司,抗疲勞功能,牛磺酸：22.4 ~ 33.6 mg/g
衛部健食字第A00440號,旨樂清膠囊,精華生醫股份有限公司,調節血脂,Monacolin K
衛部健食字第A00441號,枳椇子朝鮮薊複方錠,上浤醫藥生技股份有限公司,護肝,五味子乙素（Schisandrin B）：0.31 ~ 0.46 mg/g芝麻素（Sesamin）：3.50 ~ 4.64 mg/g
衛部健食字第A00455號,倍勁®P健康機能飲,三洋藥品工業股份有限公司,"抗疲勞, 護肝",牛磺酸： 1.41~2.12 g/180 mL (0.76 ~1.14 g/100 g)五味子乙素： 595~892 μg/180 mL(3.2 μg/g~4.8 μg/g)
衛部健食字第A00456號,愛之味純濃燕麥(職人專用),愛之味股份有限公司,免疫調節,β-聚葡萄糖(β-glucan) 344~516毫克/100毫升
衛部健食字第A00457號,魚油複方膠囊,上浤醫藥生技股份有限公司,調節血脂,EPA 32~48 g/100 gDHA 24~36 g/100 g
衛部健食字第A00458號,大研德國極品魚油軟膠囊,大研生醫國際股份有限公司,調節血脂,EPA 391 ~ 529 mg/gDHA 259 ~ 351 mg/g
衛部健食字第A00459號,日月養生滴雞精,芳茂企業股份有限公司,抗疲勞,總支鏈胺基酸(以Leucine、Isoleucine、Valine計)：0.4%~0.6%(w/w)
衛部健食字第A00460號,鎂娜®紅景天膠囊,豐山生技醫藥品股份有限公司,抗疲勞,絡薩維(Rosavin)：3.6 ± 0.72亳克/顆 膠囊
衛部健食規字第000084號,保通紅麴膠囊,優生生物科技股份有限公司,"調節血脂, 紅麴（規格標準）-調節血脂",每粒(0.595克)膠囊含HMG-CoA還原酵素抑制劑Monacolin K 2.65~3.93毫克
衛部健食規字第000085號,艾健康紅麴膠囊,和司特股份有限公司,"調節血脂, 紅麴（規格標準）-調節血脂",HMG-CoA還原酵素抑制劑Monacolin K
衛部健食規字第000086號,速清紅麴膠囊,和司特股份有限公司,"調節血脂, 紅麴（規格標準）-調節血脂",HMG-CoA還原酵素抑制劑(Monacolin K) 20-30毫克/公克
衛部健食規字第000087號,速霸清紅麴膠囊,和司特股份有限公司,"調節血脂, 紅麴（規格標準）-調節血脂",Monacolin K：20 ~ 30 mg/g
衛部健食規字第000088號,活力清魚油軟膠囊,和司特股份有限公司,"調節血脂, 魚油（規格標準）-調節血脂",EPA23.0~30.0 g/100 gDHA15.0~20.0 g/100 g純度(EPA+DHA)38~50%
衛部健食規字第000089號,艾通魚油軟膠囊,和司特股份有限公司,"調節血脂, 魚油（規格標準）-調節血脂",EPA23.0~30.0 g/100 gDHA15.0~20.0 g/100 g純度(EPA+DHA)38~50%
衛署健食字第A00003號,雙鶴極品靈芝,勇健工業股份有限公司,"免疫調節, 護肝",每份含多醣體225毫克，三萜類216毫克
衛署健食字第A00004號,如新華茂紅麴清醇膠囊,美商如新華茂股份有限公司台灣分公司,調節血脂,HMG-CoA 還原酵素抑制劑
衛署健食字第A00005號(本證失效),歐妙精製魚油膠囊,台灣阿斯特捷利康股份有限公司,調節血脂,"EPA ethyl ester, DHA ethyl ester"
衛署健食字第A00006號,統一AB原味優酪乳,統一企業股份有限公司,胃腸功能改善,每100 毫升含雷特氏B 菌1*10^8 CFU 以上
衛署健食字第A00007號,賜多利奶粉,連法國際實業股份有限公司,"調節血脂, 免疫調節, 胃腸功能改善","特定免疫球蛋白G：4,000活性力價(Titer unit)/克以上(每份45公克/包：180,000 活性力價(Titer Unit)以上） 總免疫球蛋白G： 300毫克/100克以上(每份45公克/包：135毫克以上)"
衛署健食字第A00008號,高境界®免疫乳漿蛋白濃縮物,笠達企業有限公司,免疫調節,"非變性乳漿蛋白 (Whey Protein,undenatured form)"
衛署健食字第A00009號(本證失效),羅根雙歧桿菌,味全食品工業股份有限公司,胃腸功能改善,雙歧桿菌BB536 （Bifidobacterium longum BB536）
衛署健食字第A00187號,全家營養奶粉,佳格食品股份有限公司,免疫調節功能,β-葡聚醣
衛署健食字第A00188號(本證失效),紐崔萊深海鮭魚油膠囊,安麗日用品股份有限公司,調節血脂,EPA;DHA
衛署健食字第A00189號(本證失效),世華台灣金線連膠囊,世華生物科技股份有限公司,,Kinsenoside
衛署健食字第A00190號,利得牛樟芝固態培養菌絲體膠囊,台灣利得生物科技股份有限公司,免疫調節,可能總三萜(Possible Triterpenoids)：17.48~25.08 毫克/每份(2粒)腺苷(Adenosine)：0.18~0.26 毫克/每份(2粒)
衛署健食字第A00191號,桂格健康雙效燕麥片-堅果牛奶風味,佳格食品股份有限公司,"調節血脂, 免疫調節",ß-Glucan
衛署健食字第A00199號,機能燕麥麵,佳格食品股份有限公司,"調節血脂功能, 不易形成體脂肪功能",β-聚葡萄糖（β-glucan）
衛署健食字第A00200號(本證失效),傑昇壓路基草本複方膠囊,傑昇國際科技股份有限公司,輔助調節血壓,品管指標成分:丹參酮IIA（Tanshinone IIA）; 葛根素（Puerarin）
衛署健食字第A00201號,Dr. Hsu益生菌,德和生物科技股份有限公司,"輔助調整過敏體質, 胃腸功能改善",總乳酸菌(L.paracasei、L.acidophilus、L.rhamnosus、 B.longum)2×10^9 CFU/2 g(每包)以上。
衛署健食字第A00202號,白蘭氏美妍纖棗飲,馬來西亞商三得利食品飲料股份有限公司台灣分公司,胃腸功能改善,木寡醣(以水解木糖計);總膳食纖維
衛署健食字第A00203號(本證失效),康貝兒PLUS乳酸菌,葡眾企業股份有限公司,"輔助調整過敏體質, 胃腸功能改善",乳酸菌(（Enterococcus faecalis、Enterococcus faecium、Lactobacillus rhamnosus GG、Bifidobacterium bifidum、Bifidobacterium longum、Lactobacillus acidophilus、Lactobacillus brevis、Lactobacillus casei、Lactobacillus reuteri、Pediococcus pentosaceus）)
衛署健食字第A00204號,黑松茶花綠茶,黑松股份有限公司,"調節血脂, 不易形成體脂肪",玉米來源可溶性纖維（難消化性麥芽糊精）
衛署健食字第A00205號(本證失效),健常活益菌膠囊,葡萄王生技股份有限公司,胃腸功能改善,乳酸菌(Enterococcus faecium、Lactobacillus casei sp. rhamnosus GG、Lactobacillus acidophilus)
衛署健食字第A00209號,好豆挺錠,台灣中油股份有限公司,骨質保健功能,總異黃酮
衛署健食字第A00210號,人參精華膠囊,信吉媒體科技股份有限公司,"調節血糖, 免疫調節",品管指標成分：人參皂苷(ginsenoside Re) 4.82±0.96毫克/粒
衛署健食字第A00212號(本證失效),三多好纖®健康飲 含鉻配方,三多士股份有限公司,調節血糖,難消化性麥芽糊精；鉻
衛署健食字第A00213號,味丹心茶道健康青草茶,味丹企業股份有限公司,護肝功能,品管指標成分:總多酚、橘皮苷
衛署健食字第A00214號(本證失效),氣津堂乳酸菌菊苣飲(奶茶口味),傑登生研有限公司,胃腸功能改善,總乳酸菌菊苣纖維
衛署健食字第A00222號,田原香原味滴雞精,香港商田原香有限公司台灣分公司,抗疲勞功能,總支鏈胺基酸(Leucine、Isoleucine、Valine)
衛署健食字第A00223號,活力五味子錠,永信藥品工業股份有限公司,護肝,Sesamin;Schisandrin B
衛署健食字第A00224號,台糖美漾纖(粉末食品),台灣糖業股份有限公司,"調節血糖, 不易形成體脂肪",含難消化糊精之總膳食纖維
衛署健食字第A00225號,愛之味健康の油切分解茶,愛之味股份有限公司,"調節血脂, 不易形成體脂肪",難消化性麥芽糊精；菊苣纖維(以fructan計)
衛署健食字第A00226號,高積能牛蒡精華素,三益事業有限公司,"胃腸功能改善, 護肝功能",綠原酸;總多酚
衛署健食字第A00227號,御茶園特撰双茶花綠茶,維他露食品股份有限公司,"調節血脂功能, 不易形成體脂肪功能",兒茶素
衛署健食字第A00228號,桂格青春養身素,佳格食品股份有限公司,"不易形成體脂肪, 延緩衰老",總多酚(以tannic acid計)
衛署健食字第A00229號,黃金蜆蛋白膠囊,兆鴻生技股份有限公司,護肝,肝醣;精胺酸精胺酸成分之每份內容物含量為 42.2 mg ± 6.4 mg；肝醣成分之每份內容物含量為 75.0 mg ± 15.0 mg。
衛署健食字第A00230號,蔓越莓醋(減糖配方),百家珍釀造食品股份有限公司,調節血脂功能,綠原酸
衛署健食字第A00231號(本證失效),益淨麴紅麴膠囊,晨暉生物科技股份有限公司,調節血脂,Monacolin K;Monascin;Ankaflavin
衛署健食字第A00232號,PROTE 200益生菌,創益生技股份有限公司,"輔助調整過敏體質, 免疫調節",Lactobacillus paracasei
衛署健食字第A00233號(本證失效),紐崔萊複合乳酸菌,安麗日用品股份有限公司,胃腸功能改善,總乳酸菌
衛署健食字第A00234號(本證失效),醣の安欣膠囊,葡萄王生技股份有限公司,調節血糖,ρ-酪醇(ρ-Tyrosol);紅景天苷(Salidroside)
衛署健食字第A00236號,加氏立舒敏膠囊,源穎生技股份有限公司,輔助調整過敏體質功能,Lactobacillus gasseri PM-A0005
衛署健食字第A00240號,丹參納麴膠囊,統欣生物科技股份有限公司,調節血脂,Monacolin K
衛署健食規字第000001號,濟生活力深海魚油膠囊,濟生醫藥生技股份有限公司,"調節血脂, 魚油（規格標準）-調節血脂",每份(3粒 )含EPA 270 ~ 450 毫克DHA 180 ~ 300 毫克魚油純度(EPA+DHA) 30~50 %
衛署健食規字第000002號,如新華茂精選魚油,美商如新華茂股份有限公司台灣分公司,"調節血脂, 魚油（規格標準）-調節血脂",魚油純度(EPA+DHA)
衛署健食規字第000003號,台糖精選魚油膠囊,台灣糖業股份有限公司,"調節血脂, 魚油（規格標準）-調節血脂",w-3 脂肪酸(EPA、DHA)
衛署健食規字第000004號,增養紅麴膠囊,普新生技股份有限公司,"調節血脂, 紅麴（規格標準）-調節血脂",每3粒膠囊含含HMG-COA 還原酵素抑制劑Monacolin K
衛署健食規字第000005號,台糖紅麴膠囊,台灣糖業股份有限公司,"調節血脂, 紅麴（規格標準）-調節血脂",HMG-COA 還原酵素抑制劑（Monacolin K
衛署健食規字第000006號,懷特麴寶®天然紅麴膠囊,懷特生技新藥股份有限公司,"調節血脂, 紅麴（規格標準）-調節血脂",HMG-CoA還原酵素抑制劑Monacolin K
衛署健食規字第000007號(本證失效),特級紅麴膠囊,中天生物科技股份有限公司,"調節血脂, 紅麴（規格標準）-調節血脂",Monacolin K
衛署健食規字第000008號,三多健康魚油軟膠囊,三多士股份有限公司,"調節血脂, 魚油（規格標準）-調節血脂",每粒膠囊含:EPA 270±54 毫克，DHA 165±33 毫克，魚油純度(EPA+DHA) 45~50%
衛署健食規字第000009號(本證失效),伊仕媚健康黃金魚油,伊仕媚股份有限公司,"調節血脂, 魚油（規格標準）-調節血脂",Omega-3 acids (EPA+DHA)
衛署健食規字第000010號,雅芳康采紅麴膠囊,台灣雅芳股份有限公司,"調節血脂, 紅麴（規格標準）-調節血脂",每份（顆）含HMG-CoA 還原酵素抑制劑Monacolin K 4.93 ~ 6.67 毫克。
衛署健食規字第000011號,濟生紅麴王,濟生醫藥生技股份有限公司,"調節血脂, 紅麴（規格標準）-調節血脂",Monacolin K
衛署健食規字第000012號,新微庫醇紅麴膠囊,生達化學製藥股份有限公司,"調節血脂功能, 紅麴（規格標準）-調節血脂功能",Monacolin K
衛署健食規字第000013號,健康純淨魚油膠囊,船井生醫股份有限公司,"調節血脂功能, 魚油（規格標準）-調節血脂功能",Omega-3 acids (EPA+DHA)
衛署健食規字第000014號(本證失效),三多健康紅麴膠囊,三多士股份有限公司,"調節血脂, 紅麴（規格標準）-調節血脂",Monacolin K
衛署健食規字第000015號(本證失效),上善天然紅麴膠囊,三合興藥業有限公司,"調節血脂, 紅麴（規格標準）-調節血脂",Monacolin K
衛署健食規字第000016號,生活挪威深海魚油膠囊,三皇生物科技股份有限公司,"調節血脂功能, 魚油（規格標準）-調節血脂功能",Omega-3 acids (EPA+DHA)
衛署健食規字第000017號,台塩大紅麴健康紅麴素食膠囊,臺鹽實業股份有限公司,"調節血脂, 紅麴（規格標準）-調節血脂",Monacolin K
衛署健食規字第000018號,可利醇紅麴膠囊,漢聖製藥科技股份有限公司,"調節血脂功能, 紅麴（規格標準）-調節血脂功能",每2粒HMG-CoA還原酵素抑制劑Monacolin K 12.5±2.5毫克
衛署健食規字第000019號,港香蘭深海魚油軟膠囊,港香蘭應用生技股份有限公司,"調節血脂功能, 魚油（規格標準）-調節血脂功能",Omega-3 acids (EPA+DHA)
衛署健食規字第000020號(本證失效),克之寶紅麴膠囊,宇力鑫生技股份有限公司,"調節血脂, 紅麴（規格標準）-調節血脂",Monacolin K
衛署健食規字第000021號,安可健紅麴膠囊,臺灣菸酒股份有限公司,"調節血脂, 紅麴（規格標準）-調節血脂",Monacolin K
衛署健食規字第000022號(本證失效),益通麴紅麴膠囊,偉翔生技開發股份有限公司,"調節血脂, 紅麴（規格標準）-調節血脂",Monacolin K
衛署健食規字第000023號(本證失效),Weider 清醇紅麴膠囊,福又達生物科技股份有限公司,"調節血脂, 紅麴（規格標準）-調節血脂",Monacolin K
衛署健食規字第000024號(本證失效),紅麴養生膠囊,大江生醫股份有限公司,"調節血脂, 紅麴（規格標準）-調節血脂",Monacolin K
衛署健食規字第000025號,黃金魚油膠囊,天良生物科技企業股份有限公司,"調節血脂, 魚油（規格標準）-調節血脂",Omega-3 acids (EPA+DHA)
衛署健食規字第000026號,信東紅麴膠囊,信東生技股份有限公司園區分公司,"調節血脂, 紅麴（規格標準）-調節血脂",Monacolin K
衛署健食規字第000027號,頂級紅麴膠囊,天良生物科技企業股份有限公司,"調節血脂, 紅麴（規格標準）-調節血脂",Monacolin K
衛署健食規字第000028號,TS6®純淨紅麴膠囊,天賜爾生物科技股份有限公司,"調節血脂功能, 紅麴（規格標準）-調節血脂功能",Monacolin K
衛署健食字第A00105號,統一TGL機能優酪乳,統一企業股份有限公司,護肝功能,1. 胺基乙酸glycine 2. 胺基丙酸alanine 3. 胺基乙磺酸
衛署健食字第A00106號,乳香世家優酪乳,光泉牧場股份有限公司,胃腸功能改善,1.總乳酸菌數 2.Bifidobacterium lactis
衛署健食字第A00107號,白蘭氏旭沛蜆精,馬來西亞商三得利食品飲料股份有限公司台灣分公司,護肝,1.肝糖(glycogen) 2.總水解精胺酸(arginine)、丙胺酸(alanine)、甘胺酸(glycine)
衛署健食字第A00108號(本證失效),益齒達®無糖口香糖－沁甜草莓,台灣留蘭香股份有限公司,牙齒保健,木糖醇
衛署健食字第A00109號,綺麗健康玄米植醇機能調合油,統一企業股份有限公司,調節血脂功能,植物固醇
衛署健食字第A00110號,金宏裕人蔘膠囊,金宏裕生物科技有限公司,免疫調節,人蔘皂苷Ginsenosides 150毫克 / 粒 (136～165 毫克)
衛署健食字第A00111號,果醋覺醒蘋果醋飲料,統一企業股份有限公司,胃腸功能改善,菊苣纖維
衛署健食字第A00112號,植物固醇牛乳,光泉牧場股份有限公司,調節血脂,植物固醇
衛署健食字第A00113號,愛之味鮮采蕃茄汁(OLIGO保健),愛之味股份有限公司,胃腸功能改善,異麥芽寡醣 (Isomalto-oligosaccharides)
衛署健食字第A00114號,養氣人蔘雞精,佳格食品股份有限公司,"抗疲勞, 護肝",雞精『以總支鏈胺基酸「Leucine(白胺酸)、Isoleucine(異白胺酸)、Valine(纈胺酸)」為品管指標成分≧0.32公克/每瓶68毫升；≧0.20公克/每瓶42毫升(抗疲勞)『以總水解丙胺酸(Alanine)、甘胺酸(Glycine)、精胺酸(Arginine)為品管指標成分≧1.1公克/每瓶68毫升；≧0.68公克/每瓶42毫升(護肝)
衛署健食字第A00115號(本證失效),福樂健康雙效優酪乳,佳乳食品股份有限公司,"免疫調節, 胃腸功能改善",乳酸菌(Lactobacilli) 其中含雙叉桿菌(龍根菌 Bifidobacterum Longum )
衛署健食字第A00116號,賜多利菁華 (粉末食品),連法國際實業股份有限公司,"輔助調整過敏體質功能, 免疫調節功能",1.特定免疫球蛋白G2.總免疫球蛋白G
衛署健食字第A00117號,愛之味油切分解茶,愛之味股份有限公司,"調節血糖, 不易形成體脂肪",難消化性麥芽糊精(水溶性膳食纖維) 1.35～1.65 公克/100 毫升
衛署健食字第A00118號,統一陽光高纖燕麥穀奶,統一企業股份有限公司,調節血脂,β葡萄聚糖（Beta-glucan）、菊苣纖維（Inulin）
衛署健食字第A00119號(本證失效),田邊甲殼質健康膠囊,台灣田邊製藥股份有限公司,調節血脂,幾丁聚醣(甲殼質)
衛署健食字第A00126號,“科達”股立補膠囊,科達製藥股份有限公司,骨質保健功能,Imperatorin;Osthol
衛署健食字第A00127號,甘喜康膠囊,泰宗生物科技股份有限公司,護肝,多醣總量 每份1.2 公克 (兩顆)含104 mg±20%
衛署健食字第A00128號,養樂多 300LIGHT 活菌發酵乳,養樂多股份有限公司,"輔助調整過敏體質功能, 免疫調節功能, 胃腸功能改善",養樂多代田菌(L. casei Shirota) 300億個以上
衛署健食字第A00129號,LP33機能優酪乳,統一企業股份有限公司,輔助調整過敏體質,每100毫升含總乳酸菌100億個以上。
衛署健食字第A00130號,APF益生菌膠囊,景岳生物科技股份有限公司,"輔助調整過敏體質功能, 免疫調節功能",Lactobacillus paracasei 33
衛署健食字第A00131號(本證失效),宏醫活能素膠囊,三晃生物科技股份有限公司,,(-)Epigallocatechin gallate (-)Epicatechin
衛署健食字第A00132號,威望高濃度魚油,維達股份有限公司,調節血脂,魚油
衛署健食字第A00133號,膳纖熟飯 健康多穀飯,華強實業股份有限公司,調節血糖功能,難消化性麥芽糊精
衛署健食字第A00134號,活綠美杜莎藻膠囊,光璧企業股份有限公司,護肝,含Beta-胡蘿蔔素
衛署健食字第A00135號,GMADP®乳酸菌口含錠,景岳生物科技股份有限公司,牙齒保健,副乾酪乳桿菌 L. paracasei ≥ 3.0×10^8 cells/g 為品質管制指標成分
衛署健食字第A00136號(本證失效),統一木瓜牛乳,統一企業股份有限公司,胃腸功能改善,菊苣纖維
衛署健食字第A00137號,台糖活力養生飲,台灣糖業股份有限公司,免疫調節,以多醣體及牛磺酸為品管指標成分
衛署健食字第A00138號,光泉活菌鮮乳,光泉牧場股份有限公司,胃腸功能改善,雙叉桿菌
衛署健食字第A00139號(本證失效),保健牛蒡精華素,保健科技股份有限公司,胃腸功能改善,1. 總多酚Total polyphenols。 2. 氯原酸Chlorogenic acid。
衛署健食字第A00140號(本證失效),光泉鈣質強化牛乳,光泉牧場股份有限公司,骨質保健,鈣質
衛署健食字第A00141號,敏自寧膠囊,創益生技股份有限公司,輔助調整過敏體質,約氏乳酸菌(Lactobacillus johnsonii EM1)
衛署健食字第A00142號,頂級四物鐵飲料,中天生物科技股份有限公司,促進鐵吸收,甘胺酸亞鐵
衛署健食字第A00143號,雞精王,佳格食品股份有限公司,抗疲勞,雞精『以總支鏈胺基酸「Leucine(白胺酸)、Isoleucine(異白胺酸)、Valine(纈胺酸)』
衛署健食字第A00144號,紐崔萊薄荷大蒜片,安麗日用品股份有限公司,調節血脂,蒜胺酸(Alliin)、潛在大蒜素(Potential allicin，由Alliin轉換而來)
衛署健食字第A00145號,御茶園每朝健康金纖烏龍,維他露食品股份有限公司,調節血脂,兒茶素(catechins) 菊苣纖維(inulin)
衛署健食字第A00146號,遠東極品 CV-66 茯加力藻錠(小球藻),遠東生物科技股份有限公司,調節血脂,亞麻油酸( Linoleic acid ) 次亞麻油酸(α-Linolenic acid)
衛署健食字第A00147號,桂格機能燕麥片,佳格食品股份有限公司,調節血糖,β-聚葡萄醣(β-Glucan) ;鉻（Cr）
衛署健食字第A00148號(本證失效),挪威深海魚油薑黃+E膠囊,阿一國際股份有限公司,調節血脂,Omega-3 acids
衛署健食字第A00149號(本證失效),白蘭氏木寡醣 + 乳酸菌粉狀,馬來西亞商食益補國際股份有限公司台灣分公司,胃腸功能改善,總乳酸菌 木寡醣 菊苣纖維
衛署健食字第A00150號,台糖釋蟲草菌絲體,台灣糖業股份有限公司,免疫調節,腺苷和麥角固醇
衛署健食字第A00151號,威望麥苗精,維達股份有限公司,調節血脂,膳食纖維
衛署健食字第A00152號(本證失效),黑烏龍茶,台灣三得利股份有限公司,不易形成體脂肪,烏龍茶聚合多酚
衛署健食字第A00153號,LS99機能優酪乳,光泉牧場股份有限公司,輔助調整過敏體質,總乳酸菌;Lactobacillus salivarius subsp. Salicinius
衛署健食字第A00154號,桐核麥藍莓微泡飲料,桐核麥生物科技股份有限公司,免疫調節,多醣體
衛署健食字第A00155號,健康調合油,佳格食品股份有限公司,調節血脂,油酸
衛署健食字第A00156號,千沛純清可得膠囊,新萬仁化學製藥股份有限公司,調節血脂,含HMG-COA還原酵素抑制劑Monacolin K
衛署健食字第A00157號,正宗蜆精,佳格食品股份有限公司,護肝,肝醣
衛署健食字第A00158號,心之友達Q10紅麴膠囊,逢興生物科技股份有限公司,調節血脂,a. 輔酵素Q10; b. HMG-CoA還原酵素抑制劑Monacolin K
衛署健食字第A00159號,濃韻烏龍茶,統一企業股份有限公司,"調節血脂, 不易形成體脂肪",兒茶素45±9 mg/100 mL
衛署健食字第A00160號,濃韻日式綠茶,統一企業股份有限公司,調節血脂,兒茶素43.5±8.7 mg/100 mL
衛署健食字第A00161號,桂格喝的燕麥(原味),佳格食品股份有限公司,"調節血脂, 不易形成體脂肪",β-聚葡萄醣(β-Glucan)
衛署健食字第A00162號,雙效活靈芝滋補液,佳格食品股份有限公司,"免疫調節, 延緩衰老",靈芝粗多醣
衛署健食字第A00163號,暢酵順保健醱酵粉,美樂佛國際行銷有限公司,胃腸功能改善,總乳酸菌
衛署健食字第A00164號,衛傑膠囊,葡萄王生技股份有限公司,胃腸功能改善,活性總乳酸菌
衛署健食字第A00165號,台糖蜆精,台灣糖業股份有限公司,"抗疲勞, 護肝",肝醣（glycogen）
衛署健食字第A00166號,沛優素膠囊,有容生技有限公司,,以Kinsenoside為品管指標成分，每粒含 Kinsenoside 22±3 毫克
衛署健食字第A00167號,綠藻+乳酸菌錠,味丹生物科技股份有限公司,胃腸功能改善,芽孢乳酸菌(Bacillus coagulans)
衛署健食字第A00168號(本證失效),藍波健康錠 (暫停生產),大家優藻生物科技股份有限公司,免疫調節,藻藍素
衛署健食字第A00169號,優護奶粉,佳格食品股份有限公司,胃腸功能改善,總乳酸菌(Lactobacillus acidophilus 及Lactobacillus paracasei) 1.7×10^6 CFU以上比菲德氏菌(Bifidobacterium lactis) 1.7×10^7 CFU以上
衛署健食字第A00170號,清唐速膠囊,美樂佛國際行銷有限公司,調節血糖,1. Monacolin K 2. Quercetin
衛署健食字第A00171號,愛之味純濃燕麥(天然原味),愛之味股份有限公司,"調節血脂, 免疫調節, 胃腸功能改善",β-聚葡萄糖
衛署健食字第A00178號,養樂多300活菌發酵乳,養樂多股份有限公司,胃腸功能改善,Lactobacillus casei Shirota
衛署健食字第A00179號,綠恩綠茶萃取錠,綠恩生化科技股份有限公司,免疫調節,以總兒茶素為品管指標成分(總兒茶素以 EGCG、EGC、EC、GC 與 Gallic acid 合計)。總兒茶素 80 ± 16 毫克/錠，每份(2 錠)160 ± 32 毫克。
衛署健食字第A00180號,e脂100膠囊,彥臣生技藥品股份有限公司,調節血脂,1. HMG-CoA 還原酵素抑制劑-Monacolin K: Monacolin K 4.2±0.56毫克2. 總兒茶素98±9.8毫克
衛署健食字第A00181號,統一陽光無加糖高纖豆漿,統一企業股份有限公司,調節血脂,每100毫升含(1)黃豆蛋白質：3.0~3.8公克(2)菊苣纖維：1.7~2.3公克
衛署健食字第A00182號,葡萄王樟芝王菌絲體膠囊,葡萄王生技股份有限公司,"護肝, 輔助調節血壓",腺苷(Adenosine); 芝麻素(Sesamin); Antrosterol; γ-胺基丁酸(GABA)
衛署健食字第A00183號,活綠美綠藻片,光璧企業股份有限公司,調節血脂,品管指標成分：次亞麻油酸
衛署健食字第A00184號,桂格雙效健康益生菌高鈣奶粉,佳格食品股份有限公司,"調節血脂, 胃腸功能改善","總乳酸菌,比菲德氏菌"
衛署健食字第A00185號,桂格養生燕麥麵,佳格食品股份有限公司,調節血脂功能,β-聚葡萄醣
衛署健食字第A00186號,台糖蠔蜆錠,台灣糖業股份有限公司,護肝,肝醣
