brand,domain
大研生醫,https://www.daikenshop.com/
營養師輕食,https://www.dietician.com.tw/
vitabox,https://shop.vitabox.com.tw/
配方時代,https://healthformula.com.tw/
悠活原力,https://www.yohopower.tw/
九五之丹,https://www.95dan.com.tw/
達摩本草,https://www.damokampo.com/
火星生技,https://www.taizaku.shop
大醫生技,https://www.greencome.com.tw/
義美生醫,https://www.biomedimei.com/
亞尼活力,https://www.yannigo.com/zt/yannigo/
荃贏全美,https://www.allwealth.com.tw
innerevibe,https://www.leader-sheeps.com/v2/official/SalePageCategory/540303?sortMode=Newest
AFC Taiwan,www.afc-life.com
百元生醫,https://bio-o.cc/
每日衡好,https://mall.cathay-hcm.com.tw
漁人生醫,https://www.fmbiomed.com.tw/zh-TW
健康設計家,https://www.primeplus-ww.tw
樹重奏,https://www.trreeo.com
山立樹,https://www.shanlishu.com/zh-TW
賦恆生醫,https://www.fuheng.com.tw
醫神方,https://www.easonpharm.com.tw
確實補己,https://www.chaseshop.com.tw
昂萃生技,https://www.puriginal-life.com
inyouso 營養所,https://www.inyouso.com
純淨女神,https://www.pureakso.com
粒粒生技,https://vitagrains.cyberbiz.co/zh-TW?rcode=STRONGMAN
未來森活,https://www.shop-futurelife.com
穎達生技,https://www.endear.com.tw
好好生醫,https://www.betterbio.com.tw
洰盛生醫,https://www.junet.com.tw
澄交生技,https://www.fecula.com.tw/zh-TW
利康新,https://www.igcshop.tw
芯漾生醫,https://www.nutri.tw
生機生技,https://www.lebio.co
日櫻生機,https://www.ns-health.com.tw
乙禾生醫,https://www.yiherbtw.com
飛跑,https://www.flexpower.tw
GoodMood,https://goodmoods.store
靚好的,https://hold-hold.1shop.tw
植蘊素維他命,https://www.veganvita.net
好在乎,https://www.popcareyou.com
Lady Flower,https://www.ladyflower.me
癒醫,https://www.curemedi.tw
新普利,https://www.mysimply.tw
亞柏生醫,https://www.arber-labs.com
太景生醫,https://shop.taigenbiotech.com.tw
小兒利撒爾,https://www.risal.com.tw
悠能生醫,https://www.younit.tw
益喜氏,https://www.kskhealth.com
職人生醫,https://www.shokuninbio.com.tw
健康式,https://www.healthi.com.tw
植悅,https://www.vegiwell.com
